player_id,MP,starts,mins,GA,GA90,shotsOT_a,saves,save_pct,W,D,L,CS,CS_pct,PKatt,PK_scored,PK_save,PK_missed,PK_pct
2,34,34,"3,060",19,0.56,98,78,82.7,27,6,1,19,55.9,4,2,1,1,33.3
20,4,4,337,3,0.8,11,8,72.7,2,1,1,2,50.0,0,0,0,0,0.0
25,1,0,23,0,0.0,4,4,100.0,0,0,0,0,0.0,0,0,0,0,0.0
31,29,29,"2,609",34,1.17,120,86,77.5,19,5,5,10,34.5,7,7,0,0,0.0
47,7,7,630,11,1.57,33,23,69.7,3,3,1,2,28.6,1,1,0,0,0.0
51,2,2,177,3,1.53,8,5,62.5,0,1,1,0,0.0,0,0,0,0,0.0
62,1,0,3,1,30.0,2,1,50.0,0,0,0,0,0.0,0,0,0,0,0.0
64,35,35,"3,150",30,0.86,108,79,74.1,17,13,5,15,42.9,3,2,1,0,33.3
85,3,3,225,1,0.4,5,4,80.0,2,1,0,1,33.3,0,0,0,0,0.0
88,1,0,45,0,0.0,3,3,100.0,0,0,0,1,0.0,0,0,0,0,0.0
100,27,27,"2,425",30,1.11,107,75,75.7,15,5,7,8,29.6,7,4,2,1,33.3
108,11,11,990,12,1.09,34,23,70.6,6,1,4,6,54.5,2,2,0,0,0.0
121,1,0,5,0,0.0,1,1,100.0,0,0,0,1,0.0,0,0,0,0,0.0
123,32,32,"2,880",29,0.91,106,77,75.5,14,13,5,13,40.6,6,3,1,2,25.0
141,6,6,535,3,0.5,18,13,83.3,4,1,1,4,66.7,1,0,1,0,100.0
150,1,0,5,0,0.0,1,1,100.0,0,0,0,0,0.0,0,0,0,0,0.0
158,23,23,"2,070",27,1.17,74,49,66.2,11,5,7,6,26.1,3,2,0,1,0.0
163,15,15,"1,350",19,1.27,77,58,76.6,7,4,4,5,33.3,2,1,1,0,50.0
183,30,30,"2,699",33,1.1,119,86,73.9,12,6,12,9,30.0,3,2,0,1,0.0
201,9,8,721,6,0.75,29,23,79.3,6,1,1,4,50.0,0,0,0,0,0.0
203,33,33,"2,970",35,1.06,126,90,77.0,15,8,10,8,24.2,7,6,1,0,14.3
226,4,4,360,9,2.25,19,10,63.2,1,1,2,0,0.0,2,2,0,0,0.0
232,36,36,"3,240",31,0.86,134,103,81.3,13,14,9,18,50.0,6,6,0,0,0.0
255,2,2,180,5,2.5,9,4,55.6,0,0,2,0,0.0,1,1,0,0,0.0
266,31,31,"2,773",40,1.3,104,62,63.5,10,13,8,5,16.1,4,2,2,0,50.0
279,7,7,630,8,1.14,24,16,66.7,3,1,3,1,14.3,0,0,0,0,0.0
290,1,0,17,0,0.0,0,0,0.0,0,0,0,1,0.0,0,0,0,0,0.0
291,36,36,"3,239",43,1.19,130,87,69.2,11,13,12,8,22.2,4,3,1,0,25.0
311,3,2,176,2,1.02,9,7,77.8,1,0,1,0,0.0,0,0,0,0,0.0
323,1,0,5,0,0.0,0,0,0.0,0,0,0,1,0.0,0,0,0,0,0.0
327,33,33,"2,872",35,1.1,159,122,79.9,11,11,11,12,36.4,5,3,2,0,40.0
345,7,5,548,16,2.63,32,16,62.5,0,1,4,0,0.0,4,4,0,0,0.0
356,37,37,"3,330",49,1.32,153,105,69.3,9,10,18,8,21.6,2,2,0,0,0.0
387,1,1,90,2,2.0,10,8,80.0,0,1,0,0,0.0,0,0,0,0,0.0
392,38,38,"3,420",54,1.42,173,119,71.7,8,14,16,7,18.4,6,5,1,0,16.7
427,21,21,"1,890",25,1.19,89,65,75.3,5,8,8,5,23.8,3,3,0,0,0.0
432,17,17,"1,530",28,1.65,68,40,67.6,1,11,5,4,23.5,6,6,0,0,0.0
452,31,31,"2,789",55,1.77,129,76,59.7,8,10,13,3,9.7,3,3,0,0,0.0
473,7,7,630,12,1.71,27,16,55.6,0,2,5,2,28.6,1,0,0,1,0.0
478,1,0,1,1,90.0,1,0,100.0,0,0,0,0,0.0,1,1,0,0,0.0
482,23,23,"2,070",27,1.17,106,78,78.3,6,6,11,5,21.7,5,4,1,0,20.0
492,14,14,"1,260",25,1.79,74,49,68.9,3,3,8,4,28.6,3,2,1,0,33.3
507,1,1,90,2,2.0,5,3,60.0,0,0,1,0,0.0,0,0,0,0,0.0
516,31,31,"2,745",58,1.9,152,94,65.1,6,9,16,4,12.9,7,5,1,1,16.7
531,8,7,675,11,1.47,28,18,60.7,2,2,3,3,42.9,1,0,0,1,0.0
548,35,35,"3,150",68,1.94,159,93,61.6,6,8,21,3,8.6,10,7,1,2,12.5
570,3,3,270,7,2.33,14,8,57.1,1,1,1,0,0.0,1,1,0,0,0.0
582,21,21,"1,890",44,2.1,115,72,67.8,0,6,15,1,4.8,7,7,0,0,0.0
589,13,13,"1,170",29,2.23,66,38,60.6,2,3,8,1,7.7,3,3,0,0,0.0
605,4,4,360,8,2.0,26,18,69.2,0,2,2,0,0.0,0,0,0,0,0.0
615,35,35,"3,150",30,0.86,133,103,79.7,19,10,6,15,42.9,4,3,1,0,25.0
638,3,3,270,3,1.0,16,13,87.5,1,0,2,1,33.3,1,1,0,0,0.0
649,31,31,"2,790",51,1.65,159,109,70.4,14,5,12,5,16.1,4,4,0,0,0.0
673,4,4,360,3,0.75,17,14,88.2,4,0,0,2,50.0,1,1,0,0,0.0
678,2,2,180,1,0.5,8,7,87.5,2,0,0,1,50.0,0,0,0,0,0.0
682,1,1,90,1,1.0,2,1,50.0,1,0,0,0,0.0,0,0,0,0,0.0
692,36,36,"3,240",31,0.86,132,102,78.0,17,9,10,14,38.9,2,2,0,0,0.0
716,2,2,180,1,0.5,8,7,87.5,2,0,0,1,50.0,0,0,0,0,0.0
733,19,18,"1,580",22,1.25,98,75,80.6,9,6,3,5,27.8,4,3,1,0,25.0
736,15,15,"1,350",12,0.8,54,42,81.5,8,3,4,8,53.3,2,2,0,0,0.0
743,6,5,490,8,1.47,24,16,70.8,2,0,3,2,40.0,1,1,0,0,0.0
755,38,38,"3,375",36,0.96,166,131,78.3,18,10,10,15,39.5,1,0,0,1,0.0
783,1,0,45,1,2.0,4,3,75.0,0,0,0,0,0.0,0,0,0,0,0.0
791,33,33,"2,970",27,0.82,116,89,81.9,15,9,9,16,48.5,7,6,1,0,14.3
812,5,5,450,8,1.6,14,6,50.0,2,2,1,1,20.0,1,1,0,0,0.0
826,35,35,"3,150",41,1.17,145,105,75.2,16,7,12,12,34.3,6,5,0,1,0.0
851,2,2,180,5,2.5,10,5,50.0,0,1,1,0,0.0,0,0,0,0,0.0
855,1,1,90,1,1.0,5,4,80.0,0,0,1,0,0.0,0,0,0,0,0.0
863,33,33,"2,970",37,1.12,140,101,76.4,12,11,10,9,27.3,6,4,2,0,33.3
888,5,5,450,6,1.2,30,23,80.0,2,3,0,1,20.0,1,0,1,0,100.0
911,19,19,"1,710",25,1.32,82,58,75.6,8,5,6,5,26.3,5,5,0,0,0.0
921,10,10,900,15,1.5,43,27,67.4,2,2,6,1,10.0,2,1,1,0,50.0
922,9,9,810,5,0.56,39,34,87.2,5,3,1,5,55.6,0,0,0,0,0.0
938,32,32,"2,868",39,1.22,131,92,72.5,13,5,14,8,25.0,6,3,2,1,40.0
959,6,5,462,5,0.97,28,23,82.1,2,3,0,1,20.0,1,0,0,1,0.0
966,1,1,90,0,0.0,1,1,100.0,0,1,0,1,100.0,0,0,0,0,0.0
970,33,33,"2,970",34,1.03,117,84,76.1,13,8,12,13,39.4,7,6,0,1,0.0
993,5,5,450,4,0.8,17,13,88.2,1,3,1,2,40.0,2,2,0,0,0.0
1009,35,35,"3,150",35,1.0,139,106,77.7,13,9,13,12,34.3,4,4,0,0,0.0
1032,3,3,270,4,1.33,12,8,66.7,1,0,2,1,33.3,0,0,0,0,0.0
1038,37,37,"3,310",48,1.31,181,134,76.8,11,14,12,8,21.6,7,6,0,1,0.0
1070,2,1,110,0,0.0,6,6,100.0,1,0,0,2,200.0,0,0,0,0,0.0
1073,37,37,"3,330",32,0.86,139,107,78.4,11,13,13,15,40.5,3,2,0,1,0.0
1103,1,1,90,0,0.0,1,1,100.0,0,1,0,1,100.0,0,0,0,0,0.0
1111,38,38,"3,420",51,1.34,182,130,74.2,12,9,17,9,23.7,5,4,1,0,20.0
1148,37,37,"3,330",51,1.38,183,132,75.4,12,8,17,9,24.3,6,6,0,0,0.0
1180,1,0,53,2,3.4,3,1,33.3,0,0,0,0,0.0,0,0,0,0,0.0
1183,36,36,"3,211",51,1.43,181,130,74.0,11,10,15,8,22.2,6,4,1,1,20.0
1211,3,2,209,13,5.6,21,10,38.1,0,0,2,0,0.0,0,0,0,0,0.0
1229,35,35,"3,150",45,1.29,162,117,74.1,8,11,16,10,28.6,3,3,0,0,0.0
1254,3,3,270,8,2.67,14,7,57.1,1,0,2,0,0.0,2,2,0,0,0.0
1271,31,31,"2,765",60,1.95,169,110,68.6,7,5,19,6,19.4,8,7,1,0,12.5
1298,5,4,385,9,2.1,30,21,73.3,1,0,3,0,0.0,1,1,0,0,0.0
1303,3,3,270,4,1.33,21,17,85.7,0,1,2,0,0.0,1,1,0,0,0.0
1328,15,15,"1,348",31,2.07,76,45,61.8,2,1,12,1,6.7,4,2,2,0,50.0
1334,11,11,990,25,2.27,72,48,68.1,1,3,7,0,0.0,2,2,0,0,0.0
1335,10,10,900,20,2.0,59,39,67.8,2,4,4,1,10.0,2,1,0,1,0.0
1350,2,2,180,4,2.0,7,3,42.9,0,1,1,0,0.0,0,0,0,0,0.0
1364,33,33,"2,970",24,0.73,102,78,76.5,28,5,0,15,45.5,0,0,0,0,0.0
1384,1,1,90,0,0.0,3,3,100.0,0,1,0,1,100.0,0,0,0,0,0.0
1391,30,30,"2,700",36,1.2,107,74,69.2,20,3,7,11,36.7,3,3,0,0,0.0
1406,4,4,360,3,0.75,22,19,86.4,3,1,0,1,25.0,0,0,0,0,0.0
1420,23,23,"2,053",33,1.45,93,59,66.7,16,1,6,6,26.1,3,2,1,0,33.3
1432,11,11,990,12,1.09,31,19,64.5,7,2,2,4,36.4,1,1,0,0,0.0
1451,21,21,"1,890",30,1.43,76,46,65.8,10,4,7,5,23.8,4,4,0,0,0.0
1458,13,13,"1,170",9,0.69,41,33,78.0,9,4,0,5,38.5,1,0,0,1,0.0
1471,27,27,"2,365",34,1.29,118,84,75.4,14,8,5,7,25.9,6,5,1,0,16.7
1489,8,7,695,9,1.17,27,19,66.7,4,1,2,3,42.9,0,0,0,0,0.0
1503,32,32,"2,880",48,1.5,137,87,71.5,10,13,9,7,21.9,11,9,2,0,18.2
1522,2,2,180,2,1.0,9,7,77.8,1,1,0,0,0.0,0,0,0,0,0.0
1536,34,34,"3,060",66,1.94,211,143,69.7,13,7,14,2,5.9,5,2,3,0,60.0
1567,34,34,"3,060",55,1.62,174,121,72.4,10,12,12,6,17.6,10,7,1,2,12.5
1592,27,27,"2,430",37,1.37,128,92,74.2,9,9,9,6,22.2,4,4,0,0,0.0
1605,7,7,630,17,2.43,38,21,60.5,2,0,5,1,14.3,2,2,0,0,0.0
1618,34,34,"3,060",58,1.71,158,99,65.2,11,9,14,10,29.4,5,3,2,0,40.0
1645,31,31,"2,790",52,1.68,158,106,71.5,10,9,12,3,9.7,10,7,2,1,22.2
1664,3,3,270,8,2.67,25,17,68.0,0,0,3,0,0.0,0,0,0,0,0.0
1676,25,25,"2,250",39,1.56,115,78,67.8,8,6,11,4,16.0,3,2,0,1,0.0
1689,9,9,810,17,1.89,36,20,52.8,2,1,6,2,22.2,0,0,0,0,0.0
1701,30,30,"2,700",48,1.6,128,81,64.8,7,12,11,7,23.3,4,3,0,1,0.0
1721,4,4,360,3,0.75,17,14,82.4,0,2,2,1,25.0,0,0,0,0,0.0
1733,27,27,"2,430",49,1.81,160,111,71.9,6,11,10,4,14.8,4,4,0,0,0.0
1748,7,7,630,18,2.57,47,29,66.0,1,2,4,0,0.0,2,2,0,0,0.0
1757,33,33,"2,970",56,1.7,162,105,68.5,9,6,18,7,21.2,7,5,2,0,28.6
1782,1,1,90,2,2.0,6,4,66.7,0,0,1,0,0.0,0,0,0,0,0.0
1787,33,33,"2,970",70,2.12,185,116,67.0,7,12,14,4,12.1,11,9,2,0,18.2
1810,1,1,90,4,4.0,4,1,0.0,0,0,1,0,0.0,0,0,0,0,0.0
1812,34,34,"3,060",60,1.76,168,108,66.1,5,12,17,4,11.8,3,3,0,0,0.0
1838,31,31,"2,790",76,2.45,198,123,62.1,3,7,21,3,9.7,2,1,1,0,50.0
1860,3,3,270,10,3.33,17,7,41.2,0,1,2,0,0.0,0,0,0,0,0.0
1870,33,33,"2,964",20,0.61,72,54,76.4,29,3,1,18,54.5,3,3,0,0,0.0
1892,1,1,90,1,1.0,5,4,80.0,0,1,0,0,0.0,0,0,0,0,0.0
1895,1,0,6,0,0.0,1,1,100.0,0,0,0,0,0.0,0,0,0,0,0.0
1906,19,17,"1,598",12,0.68,44,32,75.0,14,3,0,11,64.7,1,1,0,0,0.0
1907,17,17,"1,462",14,0.86,41,27,65.9,12,3,2,6,35.3,0,0,0,0,0.0
1925,32,32,"2,880",34,1.06,123,89,76.4,19,6,7,10,31.3,6,5,1,0,16.7
1944,2,2,180,2,1.0,6,5,66.7,2,0,0,0,0.0,0,0,0,0,0.0
1951,29,29,"2,610",28,0.97,109,81,77.1,19,6,4,13,44.8,3,3,0,0,0.0
1969,4,4,360,7,1.75,17,11,58.8,0,2,2,0,0.0,0,0,0,0,0.0
1975,1,1,90,4,4.0,8,4,62.5,0,0,1,0,0.0,1,1,0,0,0.0
1989,22,20,"1,824",32,1.58,99,68,68.7,10,7,3,3,15.0,1,1,0,0,0.0
2001,8,7,665,17,2.3,35,18,51.4,1,2,4,1,14.3,1,0,0,1,0.0
2003,7,7,571,12,1.89,30,18,63.3,4,2,1,1,14.3,1,1,0,0,0.0
2018,30,30,"2,640",46,1.57,145,98,71.7,13,9,8,5,16.7,6,5,1,0,16.7
2037,5,4,420,5,1.07,18,13,72.2,1,2,1,2,50.0,0,0,0,0,0.0
2046,29,29,"2,610",42,1.45,146,104,74.0,10,11,8,5,17.2,5,4,1,0,20.0
2064,5,5,450,5,1.0,16,11,75.0,3,0,2,3,60.0,1,1,0,0,0.0
2080,34,34,"3,060",48,1.41,161,113,72.0,14,7,13,8,23.5,5,3,1,1,25.0
2106,34,34,"3,060",46,1.35,180,135,75.6,12,10,12,11,32.4,2,2,0,0,0.0
2138,16,16,"1,440",28,1.75,78,51,66.7,5,4,7,4,25.0,2,2,0,0,0.0
2141,12,12,"1,080",22,1.83,51,30,56.9,4,3,5,2,16.7,0,0,0,0,0.0
2149,5,5,450,6,1.2,19,13,68.4,0,3,2,2,40.0,0,0,0,0,0.0
2156,1,1,90,0,0.0,3,3,100.0,0,1,0,1,100.0,0,0,0,0,0.0
2170,22,22,"1,980",43,1.95,104,62,61.5,6,4,12,4,18.2,3,3,0,0,0.0
2175,12,12,"1,080",27,2.25,60,34,56.7,4,3,5,3,25.0,1,1,0,0,0.0
2187,32,32,"2,880",64,2.0,185,123,69.2,9,8,15,5,15.6,9,7,2,0,22.2
2206,2,2,180,3,1.5,11,8,81.8,0,1,1,0,0.0,1,1,0,0,0.0
2218,29,29,"2,596",53,1.84,163,110,69.3,7,9,13,9,31.0,4,3,1,0,25.0
2232,6,5,464,6,1.16,25,19,76.0,0,4,1,1,20.0,0,0,0,0,0.0
2244,34,34,"3,060",74,2.18,226,153,69.5,9,6,19,4,11.8,5,5,0,0,0.0
2272,30,30,"2,644",49,1.67,173,125,74.0,6,8,16,5,16.7,5,4,1,0,20.0
2291,4,3,322,5,1.4,19,14,78.9,1,0,2,0,0.0,1,1,0,0,0.0
2292,1,1,90,2,2.0,12,10,83.3,0,0,1,0,0.0,1,0,0,1,0.0
2296,34,34,"3,060",73,2.15,204,132,65.2,6,11,17,6,17.6,2,2,0,0,0.0
2324,33,32,"2,881",79,2.47,253,174,69.2,4,7,21,2,6.3,1,1,0,0,0.0
2349,1,1,90,7,7.0,10,3,30.0,0,0,1,0,0.0,0,0,0,0,0.0
2350,1,1,89,2,2.02,10,8,80.0,0,0,1,0,0.0,0,0,0,0,0.0
2360,34,34,"3,060",74,2.18,225,150,69.3,6,6,22,3,8.8,7,5,2,0,28.6
2399,21,21,"1,890",17,0.81,65,48,75.4,16,5,0,10,47.6,1,1,0,0,0.0
2409,14,13,"1,198",9,0.68,38,30,76.3,10,2,1,8,61.5,0,0,0,0,0.0
2413,4,4,332,0,0.0,15,15,100.0,3,1,0,3,75.0,0,0,0,0,0.0
2422,28,28,"2,520",27,0.96,102,75,75.5,20,5,3,15,53.6,2,2,0,0,0.0
2437,10,10,900,17,1.7,39,22,56.4,6,2,2,2,20.0,0,0,0,0,0.0
2447,38,38,"3,420",46,1.21,168,121,75.6,25,6,7,12,31.6,7,5,1,1,16.7
2472,38,38,"3,420",43,1.13,144,101,70.8,24,4,10,13,34.2,2,1,0,1,0.0
2499,36,36,"3,182",33,0.93,122,90,73.8,18,11,7,16,44.4,5,1,3,1,75.0
2521,4,2,238,4,1.51,12,8,66.7,1,0,1,2,100.0,0,0,0,0,0.0
2526,37,37,"3,275",36,0.99,130,94,76.2,16,12,9,15,40.5,6,5,1,0,16.7
2552,2,1,142,3,1.9,5,2,60.0,0,0,1,0,0.0,1,1,0,0,0.0
2559,28,28,"2,475",36,1.31,120,85,75.8,10,9,9,9,32.1,8,7,1,0,12.5
2576,7,7,630,5,0.71,20,16,75.0,3,4,0,2,28.6,0,0,0,0,0.0
2585,4,3,315,4,1.14,18,14,77.8,1,2,0,2,66.7,0,0,0,0,0.0
2592,36,36,"3,240",63,1.75,205,143,72.2,13,10,13,6,16.7,6,6,0,0,0.0
2620,2,2,180,2,1.0,9,7,77.8,1,1,0,0,0.0,0,0,0,0,0.0
2625,37,37,"3,284",41,1.12,145,103,73.8,13,10,14,13,35.1,6,3,3,0,50.0
2647,2,1,79,3,3.42,12,9,75.0,0,0,1,0,0.0,0,0,0,0,0.0
2649,1,0,57,1,1.58,3,2,66.7,0,0,0,0,0.0,0,0,0,0,0.0
2653,34,34,"3,060",38,1.12,123,87,75.6,11,8,15,10,29.4,8,8,0,0,0.0
2673,4,4,360,8,2.0,24,16,66.7,1,2,1,1,25.0,0,0,0,0,0.0
2683,32,32,"2,869",47,1.47,132,84,64.4,12,7,13,9,28.1,1,0,1,0,100.0
2703,7,6,551,9,1.47,20,11,60.0,0,2,4,1,16.7,1,1,0,0,0.0
2712,38,38,"3,413",52,1.37,171,118,72.5,10,13,15,10,26.3,7,5,1,1,16.7
2741,1,0,7,2,25.71,2,0,0.0,0,0,0,0,0.0,0,0,0,0,0.0
2750,27,26,"2,403",39,1.46,120,83,70.8,8,7,11,6,23.1,5,4,0,1,0.0
2757,12,12,"1,014",18,1.6,44,26,63.6,2,4,6,0,0.0,3,2,1,0,33.3
2782,24,24,"2,160",27,1.13,104,78,76.9,8,9,7,6,25.0,3,3,0,0,0.0
2792,13,13,"1,170",25,1.92,68,44,66.2,2,2,9,2,15.4,2,2,0,0,0.0
2805,1,1,90,2,2.0,3,1,33.3,0,0,1,0,0.0,0,0,0,0,0.0
2811,36,36,"3,240",43,1.19,138,95,71.7,7,15,14,9,25.0,5,4,1,0,20.0
2834,1,1,90,1,1.0,6,5,83.3,1,0,0,0,0.0,0,0,0,0,0.0
2835,1,1,90,0,0.0,4,4,100.0,0,1,0,1,100.0,0,0,0,0,0.0
2836,37,37,"3,263",44,1.21,152,108,74.3,10,10,17,8,21.6,9,5,3,1,37.5
2860,2,1,153,3,1.76,4,1,25.0,0,0,1,0,0.0,0,0,0,0,0.0
2865,37,37,"3,330",47,1.27,150,104,69.3,8,14,15,13,35.1,2,1,1,0,50.0
2886,1,1,90,1,1.0,1,0,0.0,0,0,1,0,0.0,0,0,0,0,0.0
2892,34,34,"3,048",47,1.39,151,104,70.2,6,12,16,9,26.5,2,2,0,0,0.0
2913,5,4,372,8,1.94,24,17,66.7,0,3,1,1,25.0,0,0,0,0,0.0
2925,33,33,"2,970",63,1.91,175,111,66.3,2,11,20,6,18.2,7,4,1,2,20.0
2950,4,4,360,10,2.5,23,13,56.5,1,1,2,0,0.0,0,0,0,0,0.0
2956,1,1,90,2,2.0,4,2,100.0,0,0,1,0,0.0,2,2,0,0,0.0
2970,17,17,"1,530",28,1.65,86,58,67.4,3,4,10,3,17.6,0,0,0,0,0.0
2973,15,14,"1,340",29,1.95,77,49,66.2,0,5,9,0,0.0,3,3,0,0,0.0
2982,4,4,280,11,3.54,17,7,35.3,1,0,3,0,0.0,1,0,0,1,0.0
2984,3,3,270,11,3.67,23,12,60.9,0,0,3,0,0.0,2,2,0,0,0.0
2999,25,25,"2,169",20,0.83,110,89,84.5,18,6,1,10,40.0,4,3,1,0,25.0
3019,6,5,529,7,1.19,25,18,72.0,2,2,1,1,20.0,0,0,0,0,0.0
3021,4,4,360,6,1.5,12,6,58.3,2,2,0,1,25.0,1,1,0,0,0.0
3034,22,22,"1,980",32,1.45,97,65,72.2,11,5,6,5,22.7,6,5,1,0,16.7
3044,12,12,"1,080",10,0.83,54,45,81.5,9,2,1,7,58.3,0,0,0,0,0.0
3061,32,32,"2,876",34,1.06,129,94,75.2,15,10,7,13,40.6,3,2,1,0,33.3
3074,3,2,181,0,0.0,4,4,100.0,2,0,0,2,100.0,0,0,0,0,0.0
3083,33,33,"2,969",32,0.97,123,91,76.4,16,10,7,15,45.5,5,3,2,0,40.0
3102,2,1,91,2,1.98,5,3,60.0,0,1,0,0,0.0,0,0,0,0,0.0
3111,34,34,"3,060",29,0.85,105,74,77.1,15,10,9,17,50.0,8,5,3,0,37.5
3139,31,31,"2,790",49,1.58,155,106,71.0,16,4,11,9,29.0,6,4,1,1,20.0
3165,3,3,270,6,2.0,14,8,57.1,0,1,2,1,33.3,0,0,0,0,0.0
3173,33,33,"2,970",35,1.06,136,101,78.7,14,8,11,14,42.4,8,6,1,1,14.3
3195,1,1,90,2,2.0,2,0,0.0,0,1,0,0,0.0,0,0,0,0,0.0
3200,33,33,"2,939",39,1.19,124,86,71.0,13,11,9,7,21.2,3,3,0,0,0.0
3225,2,1,121,2,1.49,6,4,66.7,0,0,1,0,0.0,0,0,0,0,0.0
3233,34,34,"3,060",47,1.38,137,90,70.1,13,8,13,8,23.5,7,6,1,0,14.3
3262,34,34,"3,060",46,1.35,147,104,70.7,12,10,12,7,20.6,3,3,0,0,0.0
3291,34,34,"3,060",46,1.35,139,93,69.8,11,10,13,6,17.6,4,4,0,0,0.0
3318,30,30,"2,700",37,1.23,137,102,75.9,9,11,10,10,33.3,5,4,1,0,20.0
3337,4,4,360,11,2.75,34,23,67.6,1,1,2,0,0.0,0,0,0,0,0.0
3356,19,19,"1,710",24,1.26,62,40,62.9,6,7,6,3,15.8,1,1,0,0,0.0
3360,15,15,"1,350",26,1.73,63,37,63.5,4,2,9,2,13.3,4,3,1,0,25.0
3379,28,28,"2,496",43,1.55,118,75,70.3,7,4,17,7,25.0,8,8,0,0,0.0
3398,6,6,540,11,1.83,37,26,73.0,2,2,2,1,16.7,2,1,0,1,0.0
3408,1,0,24,1,3.75,1,0,0.0,0,0,0,0,0.0,0,0,0,0,0.0
3413,33,33,"2,970",43,1.3,153,111,72.5,7,11,15,7,21.2,3,1,1,1,50.0
3436,1,1,90,2,2.0,5,3,80.0,0,0,1,0,0.0,1,1,0,0,0.0
3440,34,34,"2,987",57,1.72,185,128,72.4,8,5,21,6,17.6,6,6,0,0,0.0
3469,1,0,73,1,1.23,3,2,66.7,0,0,0,0,0.0,0,0,0,0,0.0
3470,34,34,"3,060",66,1.94,207,142,72.0,7,8,19,4,11.8,8,8,0,0,0.0
3509,30,30,"2,700",54,1.8,188,134,74.5,4,8,18,5,16.7,8,6,1,1,14.3
3528,4,4,360,6,1.5,24,18,79.2,1,2,1,0,0.0,1,1,0,0,0.0
3541,33,33,"2,785",27,0.87,82,56,70.7,24,6,3,10,30.3,3,3,0,0,0.0
3557,9,5,635,7,0.99,27,20,74.1,4,1,0,3,60.0,0,0,0,0,0.0
3570,32,32,"2,880",24,0.75,69,45,68.1,23,4,5,16,50.0,3,2,1,0,33.3
3581,6,6,540,5,0.83,14,9,64.3,5,1,0,2,33.3,0,0,0,0,0.0
3593,28,28,"2,520",30,1.07,109,80,73.4,16,8,4,8,28.6,1,1,0,0,0.0
3607,10,10,900,11,1.1,38,28,71.1,8,2,0,2,20.0,0,0,0,0,0.0
3623,34,34,"3,015",48,1.43,139,95,66.2,19,8,7,8,23.5,1,1,0,0,0.0
3637,5,4,405,13,2.89,34,20,61.8,1,0,3,0,0.0,1,0,1,0,100.0
3650,38,38,"3,420",61,1.61,167,109,67.7,20,6,12,7,18.4,7,7,0,0,0.0
3685,23,22,"1,987",38,1.72,108,73,65.7,13,5,4,5,22.7,2,1,0,1,0.0
3691,16,16,"1,433",25,1.57,78,52,70.5,5,4,7,3,18.8,3,2,1,0,33.3
3718,23,22,"1,985",42,1.9,130,87,70.8,9,4,9,5,22.7,5,4,1,0,20.0
3720,15,15,"1,345",16,1.07,58,42,72.4,9,2,4,5,33.3,0,0,0,0,0.0
3733,1,1,90,4,4.0,7,4,42.9,0,0,1,0,0.0,0,0,0,0,0.0
3742,38,38,"3,420",58,1.53,203,146,74.9,18,6,14,9,23.7,7,7,0,0,0.0
3779,31,31,"2,699",53,1.77,188,136,74.5,11,9,11,4,12.9,7,5,2,0,28.6
3786,10,7,721,21,2.62,53,33,66.0,3,1,3,1,14.3,3,3,0,0,0.0
3809,20,20,"1,796",27,1.35,67,41,62.7,5,6,9,6,30.0,2,2,0,0,0.0
3810,18,18,"1,620",30,1.67,86,57,66.3,8,4,6,4,22.2,1,1,0,0,0.0
3824,1,0,4,1,22.5,1,0,0.0,0,0,0,0,0.0,0,0,0,0,0.0
3830,21,21,"1,890",28,1.33,91,63,72.5,7,8,6,4,19.0,3,3,0,0,0.0
3835,17,17,"1,530",34,2.0,74,42,58.1,5,4,8,2,11.8,3,3,0,0,0.0
3858,32,32,"2,880",55,1.72,165,110,69.7,10,9,13,7,21.9,6,5,1,0,16.7
3873,4,4,360,5,1.25,18,13,77.8,2,0,2,2,50.0,1,1,0,0,0.0
3877,2,2,180,7,3.5,11,4,36.4,1,0,1,0,0.0,0,0,0,0,0.0
3885,38,38,"3,420",61,1.61,190,133,72.1,13,8,17,10,26.3,8,8,0,0,0.0
3912,35,35,"3,037",58,1.72,188,131,73.4,12,7,16,4,11.4,8,8,0,0,0.0
3928,5,3,383,7,1.64,15,8,53.3,1,0,2,1,33.3,0,0,0,0,0.0
3937,38,38,"3,420",51,1.34,165,117,73.9,13,9,16,13,34.2,8,8,0,0,0.0
3963,37,37,"3,285",63,1.73,176,113,65.3,10,9,18,7,18.9,2,2,0,0,0.0
3987,2,1,135,2,1.33,8,6,75.0,0,0,1,0,0.0,0,0,0,0,0.0
4003,17,17,"1,530",28,1.65,80,52,67.5,4,5,8,2,11.8,2,2,0,0,0.0
4004,16,16,"1,440",27,1.69,61,36,57.4,4,4,8,1,6.3,1,1,0,0,0.0
4014,5,5,450,12,2.4,22,10,50.0,1,0,4,1,20.0,1,1,0,0,0.0
4024,38,38,"3,405",85,2.25,221,140,63.3,6,8,24,2,5.3,4,4,0,0,0.0
4050,1,0,15,0,0.0,2,2,100.0,0,0,0,0,0.0,0,0,0,0,0.0
4054,28,28,"2,520",62,2.21,166,106,65.7,3,5,20,2,7.1,5,5,0,0,0.0
4069,10,10,900,16,1.6,78,62,80.8,2,4,4,0,0.0,2,1,1,0,50.0
4088,30,29,"2,649",79,2.68,204,130,63.7,3,4,22,1,3.4,6,5,0,1,0.0
4101,9,9,771,25,2.92,59,36,57.6,0,3,6,0,0.0,1,0,0,1,0.0
4120,28,28,"2,439",26,0.96,86,60,69.8,12,9,7,9,32.1,1,0,0,1,0.0
4138,3,2,261,3,1.03,12,9,75.0,2,0,0,1,50.0,2,0,0,2,0.0
4147,29,29,"2,588",30,1.04,87,57,69.0,20,7,2,8,27.6,3,3,0,0,0.0
4168,1,1,90,1,1.0,2,1,50.0,1,0,0,0,0.0,0,0,0,0,0.0
4171,1,0,21,0,0.0,1,1,100.0,0,0,0,0,0.0,0,0,0,0,0.0
4178,23,23,"2,070",23,1.0,110,86,80.0,14,7,2,5,21.7,2,1,1,0,50.0
4187,7,7,630,7,1.0,24,17,79.2,4,2,1,2,28.6,2,2,0,0,0.0
4205,30,30,"2,700",34,1.13,123,90,72.4,14,5,11,11,36.7,1,0,1,0,100.0
4232,30,30,"2,700",31,1.03,116,84,75.0,12,11,7,10,33.3,3,2,1,0,33.3
4258,30,30,"2,700",27,0.9,97,71,77.3,14,10,6,12,40.0,5,5,0,0,0.0
4296,12,12,"1,080",9,0.75,42,30,85.7,7,4,1,5,41.7,6,3,3,0,50.0
4298,10,10,900,12,1.2,42,30,73.8,4,5,1,1,10.0,1,1,0,0,0.0
4301,8,8,720,17,2.12,38,21,65.8,1,2,5,1,12.5,4,4,0,0,0.0
4316,30,30,"2,700",34,1.13,124,90,73.4,13,6,11,10,33.3,4,1,1,2,50.0
4352,22,22,"1,980",35,1.59,100,65,70.0,7,8,7,5,22.7,5,5,0,0,0.0
4361,4,4,360,8,2.0,14,6,42.9,1,1,2,0,0.0,0,0,0,0,0.0
4362,4,4,360,3,0.75,12,9,75.0,2,1,1,2,50.0,0,0,0,0,0.0
4380,16,16,"1,440",18,1.13,78,62,78.2,4,5,7,5,31.3,1,1,0,0,0.0
4384,11,11,990,21,1.91,56,34,66.1,3,2,6,2,18.2,3,2,1,0,33.3
4390,3,3,270,8,2.67,15,7,73.3,0,1,2,0,0.0,4,4,0,0,0.0
4399,26,26,"2,340",44,1.69,132,89,68.9,7,9,10,5,19.2,3,3,0,0,0.0
4421,4,4,360,10,2.5,23,14,56.5,0,0,4,0,0.0,0,0,0,0,0.0
4429,29,29,"2,610",35,1.21,134,98,77.6,8,10,11,5,17.2,6,5,1,0,16.7
4456,1,1,90,6,6.0,9,3,44.4,0,0,1,0,0.0,1,1,0,0,0.0
4464,26,26,"2,339",39,1.5,129,91,73.6,6,8,12,7,26.9,5,5,0,0,0.0
4484,4,4,360,9,2.25,21,12,57.1,1,0,3,1,25.0,0,0,0,0,0.0
4492,1,0,1,0,0.0,0,0,0.0,0,0,0,0,0.0,0,0,0,0,0.0
4498,21,21,"1,890",47,2.24,126,82,63.5,2,4,15,1,4.8,2,1,0,1,0.0
4506,9,9,810,10,1.11,42,33,76.2,4,2,3,4,44.4,0,0,0,0,0.0
4529,30,30,"2,679",66,2.22,178,110,69.7,5,8,17,4,13.3,15,12,3,0,20.0
4565,1,0,17,1,5.29,0,0,0.0,0,0,0,0,0.0,0,0,0,0,0.0
4568,28,28,"2,520",56,2.0,159,106,66.7,6,2,20,4,14.3,5,3,1,1,25.0
4586,2,2,180,2,1.0,8,6,87.5,1,1,0,1,50.0,1,1,0,0,0.0
4601,22,22,"1,980",22,1.0,55,33,67.3,18,2,2,9,40.9,4,4,0,0,0.0
4609,10,10,900,7,0.7,23,16,69.6,9,1,0,5,50.0,0,0,0,0,0.0
4612,2,2,171,0,0.0,1,1,100.0,2,0,0,1,50.0,0,0,0,0,0.0
4618,1,0,9,0,0.0,0,0,0.0,0,0,0,1,0.0,0,0,0,0,0.0
4627,28,28,"2,520",22,0.79,98,73,79.6,21,4,3,13,46.4,5,2,3,0,60.0
4641,5,5,450,3,0.6,11,8,81.8,4,1,0,3,60.0,1,1,0,0,0.0
4647,1,1,90,3,3.0,4,1,50.0,0,0,1,0,0.0,1,1,0,0,0.0
4656,33,33,"2,944",25,0.76,77,53,72.7,21,6,6,13,39.4,6,4,1,1,20.0
4685,2,1,114,2,1.58,4,2,50.0,1,0,0,0,0.0,0,0,0,0,0.0
4688,34,34,"3,060",50,1.47,127,79,65.4,21,5,8,6,17.6,7,6,0,1,0.0
4719,27,27,"2,385",31,1.17,99,68,72.7,15,4,8,7,25.9,5,4,1,0,20.0
4729,8,7,675,7,0.93,27,20,77.8,4,2,1,3,42.9,1,1,0,0,0.0
4741,30,30,"2,686",34,1.14,119,86,72.3,13,7,10,13,43.3,1,1,0,0,0.0
4760,4,4,360,1,0.25,9,8,88.9,3,0,1,3,75.0,0,0,0,0,0.0
4767,1,0,14,0,0.0,0,0,0.0,0,0,0,0,0.0,0,0,0,0,0.0
4772,31,31,"2,790",45,1.45,142,96,73.2,13,5,13,4,12.9,9,7,1,1,12.5
4788,2,2,180,5,2.5,7,3,28.6,0,1,1,0,0.0,0,0,0,0,0.0
4793,1,1,90,0,0.0,1,1,100.0,0,1,0,1,100.0,0,0,0,0,0.0
4800,33,33,"2,970",39,1.18,145,105,75.2,10,12,11,8,24.2,8,3,3,2,50.0
4825,1,1,90,2,2.0,4,2,50.0,0,0,1,0,0.0,0,0,0,0,0.0
4828,31,31,"2,785",45,1.45,145,100,69.7,9,8,14,10,32.3,1,1,0,0,0.0
4851,4,3,273,5,1.65,14,9,64.3,1,0,2,0,0.0,0,0,0,0,0.0
4860,32,32,"2,880",46,1.44,181,135,77.9,10,7,15,7,21.9,7,6,1,0,14.3
4880,2,2,180,5,2.5,11,6,54.5,0,0,2,0,0.0,0,0,0,0,0.0
4888,26,26,"2,340",30,1.15,118,88,75.4,5,16,5,9,34.6,3,1,1,1,50.0
4901,7,7,630,12,1.71,31,19,64.5,1,2,4,1,14.3,1,1,0,0,0.0
4911,1,1,90,1,1.0,9,8,88.9,0,1,0,0,0.0,0,0,0,0,0.0
4917,32,32,"2,880",46,1.44,143,97,71.3,9,8,15,9,28.1,7,5,2,0,28.6
4940,2,2,180,6,3.0,11,5,45.5,0,1,1,0,0.0,0,0,0,0,0.0
4953,22,22,"1,979",28,1.27,105,78,74.3,7,5,10,8,36.4,2,1,1,0,50.0
4963,12,12,"1,080",29,2.42,61,33,54.1,2,1,9,2,16.7,1,1,0,0,0.0
4982,26,26,"2,340",43,1.65,119,77,65.5,4,10,12,4,15.4,3,2,0,1,0.0
5005,5,5,427,4,0.84,13,9,69.2,1,2,2,1,20.0,0,0,0,0,0.0
5007,3,3,270,3,1.0,10,7,70.0,2,0,1,2,66.7,0,0,0,0,0.0
5012,1,0,17,3,15.88,6,2,50.0,0,0,0,0,0.0,1,0,1,0,100.0
5013,34,34,"3,060",62,1.82,172,111,66.3,7,11,16,3,8.8,6,4,0,2,0.0
5043,20,20,"1,800",38,1.9,95,59,62.1,4,7,9,2,10.0,3,2,0,1,0.0
5048,14,14,"1,260",34,2.43,79,48,60.8,4,1,9,1,7.1,3,3,0,0,0.0
5070,28,27,"2,496",60,2.16,137,78,59.9,3,10,14,6,22.2,6,5,0,1,0.0
5087,7,7,564,6,0.96,24,19,75.0,2,1,4,2,28.6,0,0,0,0,0.0
5099,26,26,"2,340",53,2.04,141,86,65.2,4,8,14,4,15.4,6,4,2,0,33.3
5118,7,7,630,16,2.29,35,19,57.1,1,0,6,0,0.0,1,1,0,0,0.0
5127,1,1,90,3,3.0,8,5,75.0,0,0,1,0,0.0,1,1,0,0,0.0
5129,26,26,"2,340",17,0.65,71,54,78.9,19,3,4,14,53.8,2,2,0,0,0.0
5152,1,1,90,3,3.0,5,2,40.0,0,1,0,0,0.0,0,0,0,0,0.0
5158,27,27,"2,430",23,0.85,102,81,80.4,14,8,5,10,37.0,3,3,0,0,0.0
5193,22,22,"1,980",9,0.41,59,48,86.4,9,10,3,14,63.6,3,1,2,0,66.7
5205,5,5,450,4,0.8,29,25,89.7,3,0,2,3,60.0,1,1,0,0,0.0
5223,18,18,"1,620",17,0.94,65,48,75.4,7,7,4,7,38.9,1,1,0,0,0.0
5235,9,9,802,9,1.01,19,11,52.6,5,2,2,2,22.2,0,0,0,0,0.0
5250,25,25,"2,250",19,0.76,63,44,74.6,12,9,4,11,44.0,4,3,1,0,25.0
5269,2,2,180,5,2.5,13,8,69.2,0,0,2,0,0.0,1,1,0,0,0.0
5281,21,21,"1,890",16,0.76,89,73,82.0,9,6,6,12,57.1,0,0,0,0,0.0
5293,6,6,540,7,1.17,26,19,76.9,3,2,1,2,33.3,1,1,0,0,0.0
5311,23,23,"2,070",20,0.87,83,62,79.5,11,4,8,10,43.5,6,3,3,0,50.0
5333,4,4,360,4,1.0,10,6,60.0,2,1,1,1,25.0,0,0,0,0,0.0
5348,23,23,"2,070",23,1.0,92,68,77.2,8,11,4,10,43.5,3,2,1,0,33.3
5359,4,4,360,6,1.5,27,21,77.8,2,1,1,1,25.0,1,0,0,1,0.0
5370,26,26,"2,340",30,1.15,95,66,75.8,10,8,8,8,30.8,7,7,0,0,0.0
5393,1,1,90,2,2.0,3,1,33.3,1,0,0,0,0.0,0,0,0,0,0.0
5407,14,14,"1,260",15,1.07,40,25,67.5,5,3,6,6,42.9,2,2,0,0,0.0
5409,13,13,"1,170",7,0.54,37,29,89.2,6,4,3,7,53.8,4,3,1,0,25.0
5424,27,27,"2,430",27,1.0,110,83,78.2,9,10,8,11,40.7,4,3,1,0,25.0
5450,24,24,"2,134",30,1.27,88,58,68.2,8,8,8,6,25.0,2,2,0,0,0.0
5473,4,3,296,5,1.52,15,10,66.7,1,1,1,0,0.0,0,0,0,0,0.0
5488,26,26,"2,292",24,0.94,98,73,77.6,9,6,11,12,46.2,4,2,2,0,50.0
5510,2,1,136,2,1.32,8,6,75.0,1,0,0,1,100.0,0,0,0,0,0.0
5518,27,27,"2,430",24,0.89,88,61,75.0,8,11,8,12,44.4,5,2,3,0,60.0
5552,24,24,"2,160",24,1.0,98,75,77.6,7,10,7,10,41.7,2,2,0,0,0.0
5570,3,3,270,6,2.0,16,10,62.5,1,1,1,1,33.3,0,0,0,0,0.0
5580,25,25,"2,250",28,1.12,104,76,74.0,7,7,11,6,24.0,1,1,0,0,0.0
5601,2,2,180,1,0.5,8,7,87.5,2,0,0,1,50.0,0,0,0,0,0.0
5608,22,22,"1,980",18,0.82,72,54,77.8,8,5,9,10,45.5,2,2,0,0,0.0
5624,5,5,450,11,2.2,27,15,63.0,1,2,2,0,0.0,2,1,1,0,50.0
5643,17,17,"1,522",20,1.18,77,57,79.2,5,5,7,5,29.4,4,4,0,0,0.0
5649,11,10,905,15,1.49,59,45,76.3,3,3,4,4,40.0,1,1,0,0,0.0
5665,21,21,"1,890",18,0.86,98,79,85.7,7,7,7,10,47.6,5,4,1,0,20.0
5680,6,6,540,8,1.33,30,22,73.3,0,2,4,1,16.7,0,0,0,0,0.0
5702,16,16,"1,440",15,0.94,59,43,78.0,4,7,5,7,43.8,3,2,1,0,33.3
5707,11,11,990,10,0.91,31,21,71.0,2,5,4,6,54.5,1,1,0,0,0.0
5723,27,27,"2,430",32,1.19,103,72,70.9,7,9,11,12,44.4,3,2,0,1,0.0
5751,26,26,"2,340",35,1.35,100,66,67.0,7,9,10,8,30.8,2,2,0,0,0.0
5779,1,1,90,3,3.0,7,4,71.4,0,0,1,0,0.0,1,1,0,0,0.0
5795,18,18,"1,620",21,1.17,76,55,75.0,5,5,8,5,27.8,3,2,1,0,33.3
5799,9,9,810,9,1.0,37,28,75.7,2,3,4,4,44.4,0,0,0,0,0.0
5812,27,27,"2,430",32,1.19,99,67,72.7,6,10,11,8,29.6,6,5,1,0,16.7
5844,19,19,"1,665",16,0.86,51,37,72.5,5,9,5,6,31.6,2,2,0,0,0.0
5858,9,8,765,11,1.29,38,27,73.7,0,3,5,3,37.5,1,1,0,0,0.0
5869,25,25,"2,250",26,1.04,85,59,71.8,6,6,13,7,28.0,3,2,1,0,33.3
5894,2,2,180,3,1.5,8,5,62.5,0,1,1,0,0.0,0,0,0,0,0.0
5899,27,27,"2,430",33,1.22,124,92,78.2,4,13,10,7,25.9,6,6,0,0,0.0
5927,27,27,"2,430",34,1.26,128,95,77.3,6,4,17,5,18.5,5,5,0,0,0.0
5985,1,1,90,1,1.0,5,4,80.0,0,0,1,0,0.0,0,0,0,0,0.0
6012,38,38,"3,398",40,1.06,125,86,70.4,21,10,7,12,31.6,3,3,0,0,0.0
6088,1,1,90,2,2.0,5,3,60.0,0,0,1,0,0.0,0,0,0,0,0.0
6121,37,37,"3,296",41,1.12,149,107,73.8,10,14,13,10,27.0,4,2,2,0,50.0
6136,10,9,855,11,1.16,39,28,76.9,3,4,2,5,55.6,2,2,0,0,0.0
6140,5,5,450,9,1.8,26,17,65.4,2,0,3,1,20.0,0,0,0,0,0.0
6144,46,46,"4,140",47,1.02,148,98,70.3,21,12,13,18,39.1,7,3,3,1,50.0
6171,3,3,270,4,1.33,9,5,77.8,1,1,1,1,33.3,2,2,0,0,0.0
6180,2,2,180,2,1.0,10,8,90.0,1,0,1,0,0.0,2,1,0,1,0.0
6186,17,17,"1,469",33,2.02,86,53,65.1,5,3,9,0,0.0,3,3,0,0,0.0
6200,15,15,"1,350",29,1.93,81,55,65.4,3,5,7,2,13.3,1,1,0,0,0.0
6213,5,5,450,8,1.6,21,13,66.7,2,1,2,0,0.0,1,1,0,0,0.0
6238,42,42,"3,780",52,1.24,153,100,69.3,15,14,13,10,23.8,9,5,1,3,16.7
6249,10,10,900,11,1.1,31,21,67.7,4,3,3,3,30.0,1,1,0,0,0.0
6250,27,27,"2,372",28,1.06,99,73,76.8,13,9,5,8,29.6,5,5,0,0,0.0
6262,37,37,"3,330",47,1.27,163,116,74.8,17,9,11,10,27.0,7,6,1,0,14.3
6272,1,1,90,3,3.0,9,6,77.8,0,0,1,0,0.0,1,1,0,0,0.0
6273,17,16,"1,487",23,1.39,63,39,68.3,4,9,3,3,18.8,4,3,1,0,25.0
6279,18,18,"1,620",13,0.72,62,49,80.6,11,3,4,10,55.6,1,1,0,0,0.0
6280,1,1,90,1,1.0,4,3,100.0,0,1,0,0,0.0,1,1,0,0,0.0
6281,2,2,128,3,2.11,6,3,66.7,0,0,2,0,0.0,1,1,0,0,0.0
6299,1,1,90,0,0.0,4,4,100.0,0,1,0,1,100.0,0,0,0,0,0.0
6309,33,33,"2,970",29,0.88,120,91,78.3,11,16,6,16,48.5,4,3,1,0,25.0
6313,14,13,"1,219",22,1.62,69,48,73.9,4,2,7,2,15.4,4,4,0,0,0.0
6322,24,24,"2,160",45,1.87,117,72,64.1,7,2,15,4,16.7,3,3,0,0,0.0
6337,40,40,"3,540",48,1.22,152,105,71.1,19,10,11,11,27.5,4,4,0,0,0.0
6346,34,34,"3,060",42,1.24,136,95,72.1,15,6,13,12,35.3,4,4,0,0,0.0
6351,45,45,"4,050",52,1.16,165,114,69.7,16,8,21,13,28.9,3,2,1,0,33.3
6384,32,32,"2,880",44,1.37,157,115,76.4,8,9,15,6,18.8,7,7,0,0,0.0
6410,24,24,"2,091",35,1.51,97,62,67.0,6,6,12,6,25.0,4,3,1,0,25.0
6426,45,45,"4,049",57,1.27,178,122,68.5,14,11,20,13,28.9,1,1,0,0,0.0
6442,26,26,"2,311",38,1.48,120,83,70.8,7,8,11,7,26.9,4,3,1,0,25.0
6469,14,14,"1,260",21,1.5,63,42,69.8,3,5,6,4,28.6,2,2,0,0,0.0
6470,13,13,"1,170",20,1.54,63,44,71.4,1,6,6,3,23.1,2,2,0,0,0.0
6482,19,19,"1,710",28,1.47,92,63,70.7,7,5,7,3,15.8,3,1,2,0,66.7
6495,18,18,"1,620",26,1.44,65,40,61.5,4,6,8,4,22.2,1,1,0,0,0.0
6505,36,36,"3,240",51,1.42,128,78,64.8,6,16,14,9,25.0,6,6,0,0,0.0
6506,1,1,90,3,3.0,7,4,57.1,0,0,1,0,0.0,0,0,0,0,0.0
6511,4,4,360,7,1.75,16,9,56.3,3,0,1,0,0.0,0,0,0,0,0.0
6512,25,25,"2,250",34,1.36,81,46,63.0,5,11,9,6,24.0,5,4,1,0,20.0
6523,36,36,"3,240",55,1.53,169,114,70.4,13,10,13,6,16.7,6,5,1,0,16.7
6529,3,3,270,1,0.33,12,11,91.7,2,0,1,2,66.7,0,0,0,0,0.0
6544,27,27,"2,430",39,1.44,100,61,62.0,11,10,6,7,25.9,2,1,0,1,0.0
6547,34,34,"3,060",55,1.62,183,129,71.6,10,9,15,6,17.6,3,3,0,0,0.0
6548,28,28,"2,520",33,1.18,132,102,76.5,13,7,8,8,28.6,2,2,0,0,0.0
6579,33,33,"2,939",40,1.22,119,81,69.7,7,15,11,6,18.2,5,4,0,1,0.0
6594,35,35,"3,150",43,1.23,145,98,73.1,11,12,12,10,28.6,8,4,4,0,50.0
6604,9,9,810,10,1.11,27,17,74.1,6,0,3,2,22.2,3,3,0,0,0.0
6624,1,1,90,1,1.0,4,3,75.0,0,0,1,0,0.0,0,0,0,0,0.0
6649,18,18,"1,620",28,1.56,62,35,56.5,6,2,10,4,22.2,2,1,1,0,50.0
6658,34,34,"3,060",55,1.62,144,88,66.7,7,10,17,8,23.5,8,7,1,0,12.5
6661,19,18,"1,640",30,1.65,89,59,67.4,4,5,9,4,22.2,2,1,0,1,0.0
6662,46,46,"4,140",65,1.41,206,143,70.9,15,12,19,10,21.7,5,5,0,0,0.0
6667,23,23,"2,005",38,1.71,114,75,71.9,7,3,13,5,21.7,7,6,1,0,14.3
6673,34,34,"3,060",39,1.15,92,54,64.1,11,10,13,9,26.5,7,6,1,0,14.3
6676,10,10,900,14,1.4,46,32,69.6,7,2,1,2,20.0,0,0,0,0,0.0
6687,29,29,"2,610",44,1.52,126,83,69.0,13,7,9,7,24.1,5,5,0,0,0.0
6737,9,8,696,11,1.42,40,29,72.5,2,3,3,0,0.0,0,0,0,0,0.0
6749,5,4,372,3,0.73,16,13,81.3,2,1,1,1,25.0,1,0,0,1,0.0
6752,15,15,"1,327",30,2.03,67,37,59.7,7,2,6,2,13.3,3,3,0,0,0.0
6758,1,0,1,0,0.0,1,1,100.0,0,0,0,1,0.0,0,0,0,0,0.0
6764,30,30,"2,639",44,1.5,134,92,73.9,10,9,11,8,26.7,10,9,0,1,0.0
6774,41,41,"3,690",53,1.29,163,110,71.8,16,10,15,14,34.1,8,7,0,1,0.0
6783,4,4,360,8,2.0,22,14,68.2,1,2,1,0,0.0,1,1,0,0,0.0
6787,2,1,135,4,2.67,7,3,42.9,0,0,1,0,0.0,0,0,0,0,0.0
6807,27,27,"2,430",46,1.7,132,88,65.9,7,8,12,5,18.5,1,1,0,0,0.0
6832,13,13,"1,141",12,0.95,41,30,70.7,6,2,5,4,30.8,0,0,0,0,0.0
6878,4,3,261,1,0.34,8,7,87.5,2,0,1,2,66.7,0,0,0,0,0.0
6883,22,22,"1,945",28,1.3,112,83,77.7,5,11,6,5,22.7,5,3,1,1,25.0
6891,27,27,"2,429",32,1.19,106,74,70.8,6,12,9,11,40.7,3,1,2,0,66.7
6904,20,20,"1,800",27,1.35,83,56,68.7,11,4,5,8,40.0,2,1,1,0,50.0
6905,18,18,"1,620",22,1.22,54,32,61.1,8,3,7,7,38.9,1,1,0,0,0.0
6912,16,16,"1,440",18,1.13,50,34,66.0,4,5,7,7,43.8,1,1,0,0,0.0
6959,19,19,"1,710",29,1.53,77,48,64.9,8,5,6,5,26.3,2,2,0,0,0.0
6962,2,2,180,4,2.0,9,5,66.7,0,0,2,0,0.0,1,1,0,0,0.0
6985,3,2,205,2,0.88,7,5,71.4,0,0,2,0,0.0,0,0,0,0,0.0
6993,30,30,"2,700",43,1.43,133,91,67.7,9,9,12,8,26.7,0,0,0,0,0.0
7028,9,9,810,16,1.78,38,22,68.4,0,2,7,1,11.1,4,4,0,0,0.0
7029,10,9,827,8,0.87,32,24,75.0,2,4,3,5,55.6,0,0,0,0,0.0
7049,40,39,"3,519",26,0.66,104,78,80.8,18,14,7,18,46.2,6,6,0,0,0.0
7073,10,10,900,16,1.6,51,35,72.5,5,1,4,3,30.0,2,2,0,0,0.0
7080,2,2,179,4,2.01,10,6,70.0,1,0,1,0,0.0,1,1,0,0,0.0
7108,34,34,"3,060",54,1.59,173,120,71.7,9,11,14,9,26.5,5,5,0,0,0.0
7111,37,37,"3,330",35,0.95,130,97,74.6,20,11,6,13,35.1,3,2,1,0,33.3
7115,35,35,"3,105",45,1.3,152,108,73.7,9,14,12,8,22.9,5,5,0,0,0.0
7117,33,33,"2,970",53,1.61,171,121,69.6,9,7,17,5,15.2,1,1,0,0,0.0
7141,10,10,900,15,1.5,45,30,66.7,3,3,4,1,10.0,0,0,0,0,0.0
7155,2,2,168,2,1.07,11,9,81.8,0,2,0,0,0.0,0,0,0,0,0.0
7186,2,2,180,1,0.5,7,6,85.7,1,1,0,1,50.0,0,0,0,0,0.0
7189,35,35,"3,150",44,1.26,145,102,73.1,11,11,13,10,28.6,5,5,0,0,0.0
7199,2,2,180,1,0.5,9,8,88.9,0,2,0,1,50.0,0,0,0,0,0.0
7201,3,3,270,3,1.0,10,7,70.0,1,1,1,1,33.3,0,0,0,0,0.0
7220,27,27,"2,384",32,1.21,92,61,71.7,7,10,10,8,29.6,9,6,1,2,14.3
7249,38,38,"3,420",40,1.05,117,77,71.8,13,12,13,15,39.5,8,7,1,0,12.5
7252,2,1,116,3,2.33,7,5,57.1,0,0,1,0,0.0,0,0,0,0,0.0
7290,32,32,"2,880",32,1.0,125,93,76.8,18,7,7,11,34.4,4,3,1,0,25.0
7293,38,38,"3,420",57,1.5,168,112,70.2,10,8,20,10,26.3,8,7,1,0,12.5
7300,16,16,"1,440",29,1.81,76,47,64.5,7,1,8,4,25.0,3,2,0,1,0.0
7304,6,6,540,11,1.83,21,10,52.4,1,0,5,1,16.7,1,1,0,0,0.0
7310,3,3,270,3,1.0,14,11,85.7,0,2,1,0,0.0,1,1,0,0,0.0
7315,6,6,540,5,0.83,24,19,79.2,4,1,1,3,50.0,0,0,0,0,0.0
7316,25,24,"2,205",41,1.67,114,75,66.7,9,7,8,6,25.0,3,3,0,0,0.0
7394,28,28,"2,520",33,1.18,95,61,65.3,13,8,7,9,32.1,2,0,2,0,100.0
7396,15,14,"1,276",23,1.62,79,55,74.7,4,4,6,3,21.4,4,3,1,0,25.0
7405,37,37,"3,330",49,1.32,149,99,71.1,16,8,13,8,21.6,7,6,1,0,14.3
7419,1,0,6,0,0.0,1,1,100.0,0,0,0,0,0.0,0,0,0,0,0.0
7434,34,34,"3,014",40,1.19,122,82,68.0,11,9,14,10,29.4,2,1,1,0,50.0
7437,33,33,"2,970",38,1.15,123,86,71.5,17,9,7,10,30.3,3,3,0,0,0.0
7443,34,34,"3,060",50,1.47,162,111,71.6,8,8,18,5,14.7,7,4,1,2,20.0
7452,30,30,"2,624",34,1.17,129,93,76.0,7,15,8,8,26.7,5,3,2,0,40.0
7492,17,17,"1,529",20,1.18,53,34,66.0,7,2,8,5,29.4,2,2,0,0,0.0
7495,44,44,"3,960",63,1.43,196,135,69.4,18,9,17,10,22.7,3,3,0,0,0.0
7541,32,32,"2,880",20,0.62,108,86,86.1,18,8,6,18,56.3,7,5,2,0,28.6
7542,41,41,"3,690",54,1.32,143,89,63.6,24,9,8,11,26.8,3,2,0,1,0.0
7543,7,6,585,14,2.15,27,13,55.6,2,1,3,0,0.0,2,2,0,0,0.0
7551,4,2,209,5,2.15,8,3,37.5,0,1,1,1,50.0,0,0,0,0,0.0
7563,7,6,600,16,2.4,44,29,65.9,2,0,4,1,16.7,1,1,0,0,0.0
7564,7,7,630,12,1.71,41,29,73.2,2,3,2,1,14.3,1,1,0,0,0.0
7585,1,1,90,1,1.0,4,3,75.0,0,0,1,0,0.0,0,0,0,0,0.0
7590,37,37,"3,330",47,1.27,133,86,68.4,12,11,14,10,27.0,6,5,1,0,16.7
7593,9,8,796,11,1.24,39,28,74.4,3,2,3,3,37.5,1,1,0,0,0.0
7600,8,8,720,7,0.87,30,23,76.7,3,3,2,3,37.5,0,0,0,0,0.0
7601,9,9,810,19,2.11,48,29,64.6,3,2,4,1,11.1,2,2,0,0,0.0
7639,4,4,360,10,2.5,24,14,58.3,0,0,4,0,0.0,0,0,0,0,0.0
7650,20,20,"1,784",27,1.36,111,84,78.4,7,6,7,5,25.0,4,3,1,0,25.0
7722,29,29,"2,548",48,1.7,143,94,67.1,9,6,14,6,20.7,5,1,2,2,66.7
7738,4,2,245,5,1.84,16,10,68.8,1,0,1,0,0.0,1,0,1,0,100.0
7748,7,7,630,6,0.86,28,23,78.6,2,2,3,2,28.6,0,0,0,0,0.0
7781,32,32,"2,880",43,1.34,131,89,71.8,11,6,15,8,25.0,8,6,1,1,14.3
7791,44,44,"3,922",40,0.92,121,83,67.8,26,9,9,18,40.9,1,1,0,0,0.0
7831,9,8,765,12,1.41,33,21,63.6,2,0,6,2,25.0,0,0,0,0,0.0
7855,13,12,"1,112",15,1.21,53,38,75.5,5,3,4,4,33.3,2,2,0,0,0.0
7857,14,14,"1,260",19,1.36,59,41,72.9,2,7,5,5,35.7,3,3,0,0,0.0
7881,2,1,139,2,1.29,4,1,50.0,0,0,1,1,100.0,1,0,1,0,100.0
7884,2,2,180,4,2.0,13,9,69.2,1,0,1,0,0.0,0,0,0,0,0.0
7915,24,24,"2,160",33,1.37,95,63,65.3,10,4,10,7,29.2,1,0,0,1,0.0
7926,2,2,180,0,0.0,4,4,100.0,2,0,0,2,100.0,0,0,0,0,0.0
7932,19,19,"1,710",24,1.26,75,52,68.0,9,4,6,8,42.1,1,0,0,1,0.0
7938,2,2,172,5,2.62,12,7,58.3,0,0,2,0,0.0,0,0,0,0,0.0
7959,1,1,90,4,4.0,5,1,40.0,0,0,1,0,0.0,1,1,0,0,0.0
7971,14,14,"1,260",27,1.93,75,48,64.0,5,3,6,1,7.1,0,0,0,0,0.0
8030,31,31,"2,790",44,1.42,153,110,73.2,5,10,16,10,32.3,3,3,0,0,0.0
8060,25,25,"2,250",29,1.16,100,71,74.0,8,11,6,7,28.0,4,3,1,0,25.0
8062,29,29,"2,610",36,1.24,107,71,69.2,15,7,7,10,34.5,4,3,1,0,25.0
8085,34,34,"3,060",68,2.0,194,126,68.0,8,6,20,3,8.8,7,6,1,0,14.3
8086,29,29,"2,610",41,1.41,138,96,73.2,6,10,13,7,24.1,5,4,1,0,20.0
8100,5,4,435,8,1.66,21,13,61.9,0,3,1,0,0.0,0,0,0,0,0.0
8105,9,9,810,16,1.78,40,24,67.5,2,4,3,2,22.2,3,3,0,0,0.0
8106,14,14,"1,260",7,0.5,40,33,82.5,4,10,0,8,57.1,0,0,0,0,0.0
8116,8,7,688,13,1.7,27,15,55.6,2,1,4,2,28.6,1,1,0,0,0.0
8126,1,1,90,1,1.0,6,5,83.3,1,0,0,0,0.0,0,0,0,0,0.0
8128,32,32,"2,880",31,0.97,128,98,79.7,13,8,11,10,31.3,5,5,0,0,0.0
8142,11,11,990,14,1.27,43,29,69.8,6,1,4,5,45.5,2,1,0,1,0.0
8149,25,25,"2,250",31,1.24,98,67,71.4,10,6,9,8,32.0,3,3,0,0,0.0
8151,5,5,450,7,1.4,20,13,65.0,0,2,3,2,40.0,0,0,0,0,0.0
8152,44,44,"3,960",62,1.41,210,150,70.5,13,11,20,11,25.0,0,0,0,0,0.0
8158,32,32,"2,879",36,1.13,130,93,74.6,12,8,12,12,37.5,4,3,1,0,25.0
8160,42,42,"3,780",55,1.31,187,134,72.7,18,10,14,12,28.6,4,4,0,0,0.0
8167,16,16,"1,440",24,1.5,93,68,75.3,7,3,6,5,31.3,2,1,1,0,50.0
8174,33,33,"2,969",48,1.46,149,100,69.1,14,7,12,10,30.3,4,2,1,1,33.3
8176,24,24,"2,049",46,2.02,122,78,63.9,6,10,8,4,16.7,2,2,0,0,0.0
8185,10,8,831,15,1.62,37,22,64.9,2,1,5,2,25.0,2,2,0,0,0.0
8196,33,32,"2,888",47,1.46,141,97,68.8,12,5,15,11,34.4,3,3,0,0,0.0
8225,31,31,"2,790",22,0.71,100,77,78.0,15,8,8,15,48.4,1,0,1,0,100.0
8294,28,28,"2,475",46,1.67,138,92,68.1,7,7,14,3,10.7,4,2,1,1,33.3
8301,7,6,585,10,1.54,33,23,72.7,1,3,2,1,16.7,1,1,0,0,0.0
8304,2,2,180,4,2.0,8,4,50.0,1,0,1,0,0.0,0,0,0,0,0.0
8323,19,19,"1,635",18,0.99,72,54,79.2,10,5,4,6,31.6,4,3,0,1,0.0
8362,1,1,87,0,0.0,4,4,0.0,0,1,0,0,0.0,0,0,0,0,0.0
8366,40,39,"3,530",38,0.97,141,102,77.3,14,10,15,16,41.0,7,6,1,0,14.3
8385,30,29,"2,660",54,1.83,151,97,68.9,11,6,12,2,6.9,7,7,0,0,0.0
8389,4,4,360,9,2.25,21,12,66.7,2,0,2,0,0.0,2,2,0,0,0.0
8399,34,34,"3,060",40,1.18,137,97,76.6,15,10,9,12,35.3,10,8,2,0,20.0
8420,2,2,180,4,2.0,9,5,55.6,0,0,2,0,0.0,0,0,0,0,0.0
8463,2,1,126,3,2.14,5,2,40.0,0,0,1,0,0.0,0,0,0,0,0.0
8464,22,22,"1,980",33,1.5,103,70,69.9,9,5,8,7,31.8,3,2,1,0,33.3
8469,1,1,90,2,2.0,7,5,71.4,1,0,0,0,0.0,0,0,0,0,0.0
8476,2,2,180,4,2.0,8,4,50.0,1,1,0,0,0.0,0,0,0,0,0.0
8498,14,13,"1,192",20,1.51,58,38,69.0,4,5,4,2,15.4,2,2,0,0,0.0
8520,17,17,"1,530",14,0.82,44,30,70.5,10,3,4,8,47.1,3,1,0,2,0.0
8566,24,24,"2,160",33,1.37,110,78,74.5,8,10,6,6,25.0,5,5,0,0,0.0
8568,1,1,90,0,0.0,1,1,100.0,1,0,0,1,100.0,0,0,0,0,0.0
8605,7,7,630,11,1.57,37,25,73.0,1,1,5,0,0.0,3,1,1,1,50.0
8624,37,36,"3,252",33,0.91,106,73,69.8,21,11,4,13,36.1,2,1,0,1,0.0
8630,37,37,"3,305",64,1.74,162,100,62.3,7,15,15,7,18.9,3,3,0,0,0.0
8633,15,15,"1,350",37,2.47,97,57,63.9,1,4,10,0,0.0,6,2,4,0,66.7
8644,1,0,1,0,0.0,0,0,0.0,0,0,0,1,0.0,0,0,0,0,0.0
8647,7,7,630,12,1.71,26,14,57.7,3,2,2,2,28.6,1,1,0,0,0.0
8649,2,1,124,1,0.73,6,5,100.0,1,0,0,1,100.0,1,1,0,0,0.0
8650,42,42,"3,780",39,0.93,153,114,79.1,17,13,12,14,33.3,7,7,0,0,0.0
8656,21,20,"1,829",36,1.77,106,71,67.0,7,3,10,3,15.0,2,1,0,1,0.0
8689,18,18,"1,618",25,1.39,69,44,66.7,7,6,5,2,11.1,2,2,0,0,0.0
8696,1,1,90,1,1.0,5,4,80.0,0,1,0,0,0.0,0,0,0,0,0.0
8700,9,9,765,9,1.06,27,18,70.4,3,3,3,1,11.1,1,1,0,0,0.0
8727,1,0,7,0,0.0,0,0,0.0,0,0,0,0,0.0,0,0,0,0,0.0
8736,25,25,"2,250",25,1.0,90,63,73.3,8,10,7,7,28.0,4,1,2,1,66.7
8738,3,3,270,3,1.0,14,11,78.6,0,2,1,1,33.3,0,0,0,0,0.0
8754,42,42,"3,780",48,1.14,155,108,74.8,21,8,13,12,28.6,10,9,1,0,10.0
8756,13,13,"1,170",12,0.92,44,32,77.3,4,4,5,5,38.5,2,2,0,0,0.0
8787,24,24,"2,160",31,1.29,92,62,68.5,5,10,9,4,16.7,2,2,0,0,0.0
8789,2,2,180,2,1.0,11,9,81.8,1,1,0,1,50.0,0,0,0,0,0.0
8798,7,7,630,11,1.57,29,18,62.1,2,1,4,2,28.6,0,0,0,0,0.0
8811,29,29,"2,565",22,0.77,90,68,76.7,18,9,2,13,44.8,1,1,0,0,0.0
8816,4,4,360,12,3.0,32,19,68.8,0,0,4,0,0.0,3,2,1,0,33.3
8852,30,30,"2,621",29,1.0,119,93,76.5,11,10,9,7,23.3,3,1,1,1,50.0
8856,44,44,"3,960",41,0.93,154,113,73.4,29,4,11,13,29.5,1,0,1,0,100.0
8877,36,36,"3,240",44,1.22,133,91,70.7,14,9,13,12,33.3,6,5,0,1,0.0
8900,21,21,"1,890",30,1.43,86,57,70.9,5,6,10,3,14.3,5,5,0,0,0.0
8908,1,1,90,1,1.0,6,5,83.3,1,0,0,0,0.0,0,0,0,0,0.0
8940,6,5,481,9,1.68,22,13,59.1,1,2,2,1,20.0,0,0,0,0,0.0
8973,4,4,360,9,2.25,24,15,62.5,2,1,1,0,0.0,0,0,0,0,0.0
8975,21,21,"1,844",30,1.46,99,70,72.7,8,6,7,6,28.6,3,3,0,0,0.0
8980,13,13,"1,170",18,1.38,64,46,73.4,5,1,7,2,15.4,2,1,0,1,0.0
8983,13,13,"1,170",28,2.15,69,41,60.9,2,3,8,2,15.4,1,1,0,0,0.0
8986,33,33,"2,942",52,1.59,166,115,70.5,9,4,20,6,18.2,4,3,1,0,25.0
9013,4,4,360,6,1.5,18,12,66.7,2,1,1,1,25.0,0,0,0,0,0.0
9030,14,14,"1,260",17,1.21,51,35,72.5,6,3,5,4,28.6,3,3,0,0,0.0
9040,21,21,"1,890",26,1.24,61,36,59.0,5,8,8,8,38.1,2,1,0,1,0.0
9049,32,32,"2,880",34,1.06,104,69,71.2,13,6,13,12,37.5,6,4,2,0,33.3
9056,10,10,900,8,0.8,37,29,83.8,4,4,2,5,50.0,2,2,0,0,0.0
9060,10,9,819,14,1.54,29,15,51.7,4,2,3,1,11.1,0,0,0,0,0.0
9104,21,21,"1,890",24,1.14,71,47,67.6,8,5,8,8,38.1,1,1,0,0,0.0
9117,1,0,22,0,0.0,1,1,100.0,0,0,0,1,0.0,0,0,0,0,0.0
9123,46,46,"4,140",51,1.11,188,138,75.0,17,11,18,13,28.3,5,4,1,0,20.0
9125,2,2,180,2,1.0,9,7,77.8,1,0,1,1,50.0,0,0,0,0,0.0
9130,7,7,630,7,1.0,17,10,58.8,3,3,1,2,28.6,2,0,1,1,100.0
9133,2,2,180,1,0.5,4,3,100.0,1,1,0,1,50.0,1,1,0,0,0.0
9151,2,2,180,2,1.0,7,5,71.4,0,2,0,1,50.0,0,0,0,0,0.0
9156,5,5,450,7,1.4,17,10,64.7,2,0,3,0,0.0,1,1,0,0,0.0
9166,19,19,"1,710",24,1.26,84,61,72.6,6,4,9,6,31.6,2,1,1,0,50.0
9171,3,2,226,7,2.79,15,8,66.7,0,0,2,0,0.0,2,2,0,0,0.0
9180,5,4,405,6,1.33,27,20,85.2,1,2,1,1,25.0,3,2,1,0,33.3
9201,16,15,"1,425",21,1.33,68,46,75.0,7,2,6,5,33.3,5,4,1,0,20.0
9227,36,36,"3,240",51,1.42,153,102,68.0,14,10,12,9,25.0,3,2,1,0,33.3
9242,15,14,"1,329",17,1.15,65,48,75.4,6,4,4,4,28.6,2,1,1,0,50.0
9265,9,9,810,16,1.78,43,28,69.8,0,4,5,1,11.1,3,3,0,0,0.0
9267,12,12,"1,080",12,1.0,45,33,75.6,5,4,3,3,25.0,2,1,1,0,50.0
9295,24,24,"2,160",27,1.13,101,76,75.2,10,8,6,7,29.2,2,2,0,0,0.0
9300,1,1,90,2,2.0,2,0,0.0,0,0,1,0,0.0,0,0,0,0,0.0
9320,2,2,180,3,1.5,5,2,40.0,0,0,2,0,0.0,0,0,0,0,0.0
9350,26,26,"2,340",35,1.35,110,75,69.1,7,5,14,7,26.9,1,1,0,0,0.0
9358,1,1,90,1,1.0,4,3,75.0,0,1,0,0,0.0,0,0,0,0,0.0
9365,33,33,"2,970",60,1.82,169,109,68.6,12,7,14,4,12.1,7,7,0,0,0.0
9366,4,3,315,5,1.43,14,10,64.3,0,0,3,1,33.3,0,0,0,0,0.0
9403,34,34,"3,060",36,1.06,114,77,71.1,20,9,5,10,29.4,4,3,1,0,25.0
9407,2,1,115,5,3.91,10,5,50.0,0,0,1,0,0.0,0,0,0,0,0.0
9432,2,2,180,6,3.0,12,6,50.0,0,1,1,0,0.0,0,0,0,0,0.0
9440,31,31,"2,790",42,1.35,120,79,69.2,8,11,12,7,22.6,5,5,0,0,0.0
9444,30,30,"2,655",30,1.02,100,70,72.0,14,11,5,9,30.0,3,2,1,0,33.3
9452,2,2,180,2,1.0,7,5,71.4,0,0,2,0,0.0,0,0,0,0,0.0
9480,6,5,495,4,0.73,26,22,84.6,4,0,1,3,60.0,0,0,0,0,0.0
9510,26,26,"2,340",29,1.12,107,79,76.6,4,9,13,7,26.9,5,4,1,0,20.0
9523,3,3,270,7,2.33,15,9,60.0,0,0,3,0,0.0,1,1,0,0,0.0
9548,32,32,"2,880",46,1.44,160,114,72.5,14,10,8,7,21.9,3,2,1,0,33.3
9553,31,31,"2,790",43,1.39,132,90,69.7,15,8,8,7,22.6,4,3,0,1,0.0
9581,30,30,"2,700",33,1.1,110,77,71.8,16,8,6,10,33.3,3,2,1,0,33.3
9588,20,20,"1,800",27,1.35,73,46,67.1,10,4,6,6,30.0,5,3,1,1,25.0
9605,19,19,"1,703",32,1.69,102,70,70.6,5,6,8,6,31.6,2,2,0,0,0.0
9634,6,6,495,10,1.82,19,10,57.9,2,2,2,1,16.7,2,2,0,0,0.0
9648,16,16,"1,440",19,1.19,55,35,67.3,5,4,7,6,37.5,2,1,1,0,50.0
9659,9,9,810,19,2.11,38,20,52.6,4,1,4,2,22.2,1,1,0,0,0.0
9667,35,35,"3,150",44,1.26,135,91,69.6,10,12,13,10,28.6,3,3,0,0,0.0
9669,1,0,60,1,1.5,2,1,100.0,0,0,0,0,0.0,1,1,0,0,0.0
9692,10,10,855,15,1.58,41,30,65.9,1,5,4,1,10.0,1,1,0,0,0.0
9695,19,19,"1,710",16,0.84,79,63,79.7,9,3,7,9,47.4,0,0,0,0,0.0
9702,9,9,810,10,1.11,29,19,65.5,1,5,3,2,22.2,1,0,0,1,0.0
9714,7,5,512,11,1.93,31,21,71.0,1,2,2,1,20.0,2,2,0,0,0.0
9723,22,22,"1,927",24,1.12,67,43,67.2,6,8,8,8,36.4,3,2,1,0,33.3
9724,23,23,"2,025",50,2.22,129,79,65.1,5,4,14,2,8.7,5,5,0,0,0.0
9745,1,1,90,0,0.0,3,3,100.0,1,0,0,1,100.0,0,0,0,0,0.0
9761,3,3,270,7,2.33,12,5,41.7,0,0,3,0,0.0,0,0,0,0,0.0
9767,32,32,"2,880",45,1.41,127,83,69.3,12,8,12,7,21.9,6,6,0,0,0.0
9793,33,33,"2,970",42,1.27,163,123,78.5,17,5,11,8,24.2,7,7,0,0,0.0
9794,33,33,"2,970",37,1.12,121,86,73.6,20,9,4,12,36.4,5,5,0,0,0.0
9804,34,34,"3,060",44,1.29,147,105,72.8,13,13,8,7,20.6,4,4,0,0,0.0
9805,33,33,"2,970",52,1.58,153,101,70.6,11,5,17,7,21.2,9,7,1,1,12.5
9824,1,1,90,3,3.0,6,3,50.0,0,0,1,0,0.0,0,0,0,0,0.0
9825,38,38,"3,408",39,1.03,131,91,71.8,16,10,12,16,42.1,4,2,2,0,50.0
9831,37,37,"3,321",46,1.25,146,100,70.5,15,11,11,10,27.0,3,3,0,0,0.0
9850,35,35,"3,150",32,0.91,134,102,79.9,11,16,8,15,42.9,5,5,0,0,0.0
9858,6,6,540,8,1.33,24,16,66.7,2,0,4,1,16.7,0,0,0,0,0.0
9914,14,14,"1,260",13,0.93,46,33,71.7,6,4,4,6,42.9,0,0,0,0,0.0
9946,20,20,"1,800",24,1.2,75,52,68.0,3,10,7,6,30.0,0,0,0,0,0.0
9968,2,2,180,2,1.0,6,4,66.7,1,1,0,1,50.0,0,0,0,0,0.0
9977,4,4,308,7,2.05,12,5,50.0,1,0,3,0,0.0,1,1,0,0,0.0
9978,13,13,"1,170",19,1.46,59,40,67.8,1,4,8,2,15.4,1,0,1,0,100.0
9992,38,38,"3,420",65,1.71,167,102,65.9,8,9,21,4,10.5,9,8,1,0,11.1
9993,35,35,"3,149",47,1.34,129,84,65.9,16,7,12,10,28.6,3,3,0,0,0.0
10084,5,4,421,7,1.5,17,10,64.7,0,1,3,1,25.0,1,1,0,0,0.0
10087,2,2,180,4,2.0,8,4,62.5,1,0,1,0,0.0,1,1,0,0,0.0
10088,32,32,"2,880",28,0.87,103,77,72.8,13,11,8,14,43.8,0,0,0,0,0.0
10106,33,33,"2,970",38,1.15,121,84,73.6,14,8,11,12,36.4,6,6,0,0,0.0
10130,13,13,"1,144",18,1.42,53,35,67.9,5,5,3,3,23.1,2,1,0,1,0.0
10181,6,4,406,10,2.22,24,14,62.5,1,1,2,0,0.0,2,1,1,0,50.0
10184,3,3,270,5,1.67,12,7,58.3,2,0,1,1,33.3,0,0,0,0,0.0
10186,1,1,90,3,3.0,7,5,57.1,0,0,1,0,0.0,0,0,0,0,0.0
10192,1,1,90,1,1.0,3,2,66.7,1,0,0,0,0.0,0,0,0,0,0.0
10197,34,34,"3,060",42,1.24,147,105,72.8,14,11,9,9,26.5,2,2,0,0,0.0
10202,1,1,90,3,3.0,7,4,57.1,0,0,1,0,0.0,0,0,0,0,0.0
10208,16,16,"1,418",24,1.52,68,42,69.1,8,1,7,3,18.8,5,3,2,0,40.0
10216,30,30,"2,700",33,1.1,132,97,77.3,18,5,7,14,46.7,5,3,2,0,40.0
10219,1,1,90,1,1.0,4,3,75.0,0,0,1,0,0.0,0,0,0,0,0.0
10223,27,27,"2,430",48,1.78,128,81,65.6,10,8,9,4,14.8,6,4,1,1,20.0
10239,12,11,991,15,1.36,48,33,68.8,4,2,5,1,9.1,0,0,0,0,0.0
10249,6,6,540,13,2.17,35,23,65.7,1,0,5,0,0.0,1,1,0,0,0.0
10250,3,3,250,3,1.08,7,6,71.4,1,1,1,0,0.0,1,1,0,0,0.0
10260,6,6,540,6,1.0,30,24,83.3,3,1,2,3,50.0,1,1,0,0,0.0
10263,1,1,90,1,1.0,2,1,50.0,0,0,1,0,0.0,0,0,0,0,0.0
10271,2,2,180,5,2.5,10,5,50.0,0,0,2,0,0.0,0,0,0,0,0.0
10274,12,12,"1,080",14,1.17,52,36,76.9,5,3,4,4,33.3,4,2,2,0,50.0
10293,25,25,"2,205",38,1.55,100,63,65.0,7,6,12,6,24.0,3,3,0,0,0.0
10307,13,12,"1,125",21,1.68,54,33,63.0,1,2,9,4,33.3,2,1,0,1,0.0
10328,11,11,990,21,1.91,48,28,60.4,2,2,7,1,9.1,2,2,0,0,0.0
10343,45,44,"3,961",85,1.93,261,177,69.0,4,12,28,5,11.4,5,4,0,1,0.0
10362,46,46,"4,139",57,1.24,165,114,66.7,28,12,6,14,30.4,3,2,0,1,0.0
10405,20,20,"1,800",25,1.25,90,65,73.3,3,9,8,7,35.0,2,1,0,1,0.0
10427,33,33,"2,970",35,1.06,146,114,76.0,18,8,7,14,42.4,0,0,0,0,0.0
10442,4,4,360,3,0.75,8,5,75.0,2,1,1,2,50.0,1,1,0,0,0.0
10472,33,33,"2,970",45,1.36,140,94,67.9,12,12,9,8,24.2,1,0,1,0,100.0
10490,28,28,"2,475",36,1.31,118,82,71.2,12,7,9,9,32.1,3,2,1,0,33.3
10492,2,2,180,3,1.5,7,5,57.1,0,1,1,1,50.0,0,0,0,0,0.0
10527,14,14,"1,260",18,1.29,45,28,68.9,4,7,3,5,35.7,4,4,0,0,0.0
10531,42,41,"3,693",33,0.8,128,96,77.3,11,15,15,20,48.8,5,4,1,0,20.0
10555,7,7,630,9,1.29,33,24,75.8,2,2,3,2,28.6,1,1,0,0,0.0
10556,18,18,"1,620",15,0.83,52,38,71.2,5,7,6,6,33.3,0,0,0,0,0.0
10569,3,3,270,6,2.0,13,7,53.8,0,2,1,0,0.0,0,0,0,0,0.0
10573,22,22,"1,980",27,1.23,124,97,80.6,11,7,4,7,31.8,4,3,1,0,25.0
