player_id,FK_scored,CK_scored,OG,psxg,psxg_per_sot,psxg_net,psxg_net90,launched_c,launched,launched_pct,passes,throws,launch_pct,avg_len,gk,gk_launched,gk_avg_len,crosses,crosses_stopped,crosses_stopped_pct,OPA,OPA_per90,avg_dist
2,0,3,0,25.5,0.23,6.5,0.19,104,226,46.0,1033,120,17.4,26.1,201,22.9,27.9,395,18,4.6,14,0.41,12.1
20,0,0,0,3.1,0.28,0.1,0.02,6,24,25.0,177,28,11.9,24.6,18,16.7,27.2,54,6,11.1,2,0.53,10.2
25,0,0,0,0.5,0.13,0.5,2.08,1,2,50.0,15,3,13.3,25.2,1,0.0,10.0,4,0,0.0,0,0.0,0.0
31,2,3,0,29.8,0.19,-4.2,-0.14,119,284,41.9,1070,188,21.1,28.2,147,39.5,38.0,339,37,10.9,36,1.24,15.2
47,0,0,1,8.9,0.25,-1.1,-0.15,20,51,39.2,230,40,20.4,26.9,17,23.5,29.1,81,5,6.2,9,1.29,15.4
51,0,1,0,3.1,0.41,0.1,0.05,5,14,35.7,46,5,26.1,29.2,8,25.0,29.4,17,1,5.9,1,0.51,11.9
62,0,0,0,0.9,0.5,-0.1,-2.83,1,1,100.0,1,0,100.0,43.0,0,0.0,0.0,0,0,0.0,0,0.0,0.0
64,0,4,2,28.3,0.24,0.3,0.01,147,340,43.2,828,134,32.0,32.8,174,43.1,40.2,555,26,4.7,20,0.57,11.6
85,0,0,0,1.2,0.25,0.2,0.1,5,15,33.3,54,9,25.9,29.4,12,8.3,19.5,29,2,6.9,3,1.2,16.7
88,0,0,0,0.5,0.18,0.5,1.06,2,5,40.0,21,1,23.8,31.4,0,0.0,0.0,17,0,0.0,0,0.0,5.0
100,0,1,0,27.8,0.22,0.8,0.03,113,326,34.7,648,136,30.6,33.9,189,67.7,51.7,325,20,6.2,35,1.35,14.3
108,0,2,1,9.8,0.23,-1.2,-0.11,40,120,33.3,299,70,24.4,29.6,70,67.1,48.6,110,10,9.1,16,1.45,16.7
121,0,0,0,0.8,0.75,0.8,13.52,0,1,0.0,1,1,0.0,14.0,1,100.0,67.0,2,0,0.0,0,0.0,0.0
123,1,3,1,26.6,0.23,-1.4,-0.05,103,297,34.7,829,136,26.3,29.6,188,42.0,38.7,432,12,2.8,15,0.47,12.2
141,1,0,0,5.4,0.26,2.4,0.41,14,49,28.6,172,23,18.0,25.4,34,52.9,41.0,73,1,1.4,4,0.67,17.1
150,0,0,0,0.0,0.02,0.0,0.36,1,2,50.0,1,0,100.0,47.0,2,50.0,53.0,0,0,0.0,0,0.0,0.0
158,0,2,2,23.4,0.29,-1.6,-0.07,90,211,42.7,492,86,31.5,31.0,137,40.9,34.9,309,16,5.2,8,0.35,11.7
163,0,3,1,20.2,0.24,2.2,0.14,44,116,37.9,516,77,15.9,25.3,89,38.2,36.2,208,16,7.7,7,0.47,12.0
183,0,1,0,31.3,0.24,-1.7,-0.06,101,252,40.1,841,103,22.6,30.8,176,35.2,37.0,377,15,4.0,18,0.6,13.0
201,0,2,0,7.0,0.25,1.0,0.12,38,114,33.3,240,29,42.5,37.7,29,41.4,37.9,99,6,6.1,5,0.62,13.1
203,3,5,0,40.2,0.27,5.2,0.16,164,382,42.9,1051,120,29.0,32.1,176,43.8,38.2,307,7,2.3,23,0.7,14.6
226,0,0,0,4.7,0.15,-4.3,-1.08,23,61,37.7,170,15,31.8,31.0,20,35.0,33.7,32,1,3.1,9,2.25,19.5
232,0,4,0,33.8,0.21,2.8,0.08,264,783,33.7,1288,171,44.8,38.3,239,86.2,66.6,407,38,9.3,37,1.03,13.6
255,0,0,0,3.6,0.31,-1.4,-0.72,10,29,34.5,104,8,26.9,31.1,12,8.3,19.7,24,3,12.5,3,1.5,12.0
266,1,5,0,38.0,0.33,-2.0,-0.07,56,174,32.2,774,120,18.5,27.9,137,22.6,29.5,334,9,2.7,29,0.94,15.4
279,0,1,0,8.2,0.34,0.2,0.02,27,68,39.7,213,28,22.1,29.5,53,39.6,36.3,82,5,6.1,9,1.29,16.2
290,0,0,0,0.0,0.0,0.0,0.0,0,0,0.0,3,1,0.0,17.0,1,0.0,15.0,1,0,0.0,3,15.88,37.0
291,1,4,1,38.9,0.28,-3.1,-0.09,227,583,38.9,1253,107,37.4,35.9,171,66.7,49.4,580,45,7.8,40,1.11,12.2
311,0,0,0,2.8,0.31,0.8,0.4,18,48,37.5,62,3,69.4,44.7,10,50.0,40.6,27,2,7.4,1,0.51,15.2
323,0,0,0,0.0,0.0,0.0,0.0,0,3,0.0,2,0,100.0,54.5,1,100.0,76.0,2,1,50.0,0,0.0,15.0
327,1,5,0,45.4,0.26,10.4,0.33,179,430,41.6,1126,201,27.8,30.6,223,52.5,44.2,469,19,4.1,18,0.56,11.5
345,0,1,0,14.4,0.34,-1.6,-0.27,18,56,32.1,151,29,26.5,30.6,42,38.1,36.1,62,3,4.8,3,0.49,16.8
356,0,6,1,40.7,0.26,-7.3,-0.2,323,763,42.3,960,109,54.5,41.1,305,78.7,56.4,487,22,4.5,43,1.16,15.3
387,0,0,0,2.7,0.29,0.7,0.75,8,28,28.6,32,2,75.0,49.5,5,80.0,62.0,5,0,0.0,2,2.0,18.0
392,1,7,1,53.2,0.28,0.2,0.01,152,489,31.1,893,159,42.6,34.9,248,44.0,35.2,522,20,3.8,20,0.53,11.0
427,2,3,1,23.9,0.24,-0.1,0.0,99,263,37.6,286,45,55.9,41.7,161,64.0,49.0,365,7,1.9,2,0.1,8.7
432,0,2,0,25.7,0.29,-2.3,-0.14,57,168,33.9,345,68,33.6,32.3,105,49.5,42.1,282,5,1.8,7,0.41,13.1
452,3,9,2,45.1,0.33,-7.9,-0.25,161,452,35.6,684,106,43.3,37.1,243,64.2,46.9,482,22,4.6,20,0.65,12.1
473,0,1,1,10.1,0.38,-0.9,-0.13,41,91,45.1,156,31,35.9,37.0,66,53.0,43.8,98,6,6.1,4,0.57,11.2
478,0,0,0,1.0,0.0,0.0,-1.21,0,1,0.0,1,0,100.0,64.0,0,0.0,0.0,3,0,0.0,0,0.0,0.0
482,0,5,0,27.6,0.22,0.6,0.02,117,350,33.4,657,137,40.3,36.8,159,53.5,45.1,391,31,7.9,20,0.87,13.3
492,0,5,1,20.7,0.24,-3.3,-0.24,44,184,23.9,400,75,34.8,33.0,90,50.0,40.8,236,11,4.7,10,0.71,12.4
507,0,0,0,0.7,0.14,-1.3,-1.32,1,8,12.5,22,8,27.3,26.3,12,16.7,29.6,18,0,0.0,1,1.0,21.0
516,0,10,1,47.5,0.28,-9.5,-0.31,72,316,22.8,919,147,27.3,29.2,144,45.1,38.8,412,18,4.4,19,0.62,13.7
531,0,1,1,5.9,0.22,-4.1,-0.55,18,100,18.0,171,28,47.4,37.2,38,50.0,42.8,126,4,3.2,7,0.93,14.3
548,1,7,3,51.7,0.28,-13.3,-0.38,172,540,31.9,982,143,42.3,36.9,252,49.6,41.2,545,23,4.2,22,0.63,11.8
570,1,1,1,5.1,0.3,-0.9,-0.28,17,45,37.8,78,11,50.0,37.8,22,27.3,30.5,37,3,8.1,8,2.67,18.6
582,0,3,1,37.2,0.27,-5.8,-0.28,85,323,26.3,479,73,46.3,37.5,171,59.1,44.4,342,9,2.6,11,0.52,13.6
589,0,2,1,23.6,0.32,-4.4,-0.34,71,228,31.1,323,45,48.0,37.0,104,70.2,51.1,212,2,0.9,19,1.46,18.2
605,0,4,0,7.3,0.28,-0.7,-0.18,27,96,28.1,72,9,68.1,44.9,54,87.0,56.6,77,4,5.2,1,0.25,7.6
615,1,3,1,34.9,0.24,5.9,0.17,143,379,37.7,948,198,32.1,34.0,239,31.4,33.1,397,34,8.6,20,0.57,12.8
638,0,0,0,5.5,0.31,2.5,0.84,14,38,36.8,78,18,35.9,32.7,23,43.5,30.9,46,5,10.9,0,0.0,3.7
649,0,8,1,50.6,0.31,0.6,0.02,144,413,34.9,514,121,45.7,38.4,315,56.5,41.7,505,29,5.7,21,0.68,11.4
673,0,0,0,6.1,0.3,3.1,0.78,17,51,33.3,62,22,56.5,43.4,33,48.5,37.8,85,8,9.4,1,0.25,8.2
678,0,0,0,1.8,0.23,0.8,0.4,13,48,27.1,34,5,61.8,44.2,29,93.1,63.5,50,2,4.0,2,1.0,18.0
682,0,1,0,0.9,0.43,-0.1,-0.15,2,4,50.0,16,6,12.5,21.8,3,66.7,38.0,7,0,0.0,0,0.0,13.5
692,1,1,1,41.3,0.3,11.3,0.31,190,472,40.3,885,132,43.8,37.1,177,47.5,40.5,526,30,5.7,36,1.0,14.2
716,0,0,0,1.5,0.2,0.5,0.26,18,41,43.9,43,4,55.8,42.0,23,73.9,49.7,38,2,5.3,0,0.0,9.5
733,0,2,0,28.5,0.27,6.5,0.37,65,181,35.9,624,82,25.2,28.4,102,23.5,27.0,275,9,3.3,23,1.31,16.7
736,0,0,0,13.2,0.21,1.2,0.08,70,174,40.2,416,68,32.5,31.6,94,41.5,36.6,198,8,4.0,9,0.6,12.8
743,0,1,0,5.7,0.2,-2.3,-0.42,18,44,40.9,161,28,24.2,28.0,33,15.2,22.6,65,7,10.8,7,1.29,16.7
755,0,2,1,47.9,0.3,12.9,0.34,204,533,38.3,822,196,48.2,39.3,245,55.9,43.7,580,34,5.9,44,1.17,16.2
783,0,0,0,1.8,0.45,0.8,1.59,2,4,50.0,10,3,40.0,30.4,3,0.0,20.0,3,1,33.3,3,6.0,18.4
791,0,4,1,38.4,0.28,12.4,0.38,151,449,33.6,784,145,48.0,39.4,244,29.9,31.2,382,15,3.9,63,1.91,18.2
812,0,0,0,5.5,0.32,-2.5,-0.5,14,42,33.3,106,26,27.4,29.9,44,29.5,28.3,57,1,1.8,7,1.4,17.4
826,0,4,1,47.8,0.3,7.8,0.22,44,123,35.8,753,170,11.4,22.2,294,12.6,15.5,508,40,7.9,29,0.83,12.6
851,0,1,0,3.0,0.3,-2.0,-1.02,4,8,50.0,40,13,7.5,20.2,15,33.3,27.9,28,1,3.6,1,0.5,10.8
855,0,0,0,0.7,0.14,-0.3,-0.29,0,2,0.0,21,6,9.5,21.7,3,0.0,6.3,9,0,0.0,0,0.0,15.0
863,1,5,0,37.3,0.22,0.3,0.01,113,387,29.2,589,128,42.1,37.9,290,47.9,40.6,490,35,7.1,21,0.64,11.9
888,0,1,0,9.9,0.3,3.9,0.77,24,75,32.0,102,24,55.9,43.3,30,60.0,48.9,71,1,1.4,3,0.6,17.8
911,1,3,1,23.1,0.22,-0.9,-0.05,65,212,30.7,394,78,35.8,34.6,143,49.7,42.4,328,21,6.4,17,0.89,13.2
921,1,0,0,16.6,0.35,1.6,0.16,33,99,33.3,175,33,42.9,36.6,79,30.4,33.0,122,7,5.7,5,0.5,11.0
922,0,2,0,12.1,0.32,7.1,0.79,27,84,32.1,149,33,40.3,34.2,70,34.3,30.6,172,2,1.2,13,1.44,13.8
938,0,9,2,37.8,0.26,0.8,0.02,124,354,35.0,494,143,39.3,35.2,252,63.5,44.5,441,32,7.3,8,0.25,9.0
959,0,1,0,6.3,0.22,1.3,0.25,18,54,33.3,77,20,42.9,36.5,38,55.3,39.4,73,2,2.7,1,0.19,10.7
966,0,0,0,0.2,0.23,0.2,0.23,0,3,0.0,14,2,21.4,24.1,2,0.0,12.0,17,1,5.9,0,0.0,7.8
970,1,1,1,37.2,0.27,4.2,0.13,118,305,38.7,785,142,29.2,31.4,212,35.8,34.1,434,19,4.4,25,0.76,13.2
993,0,0,0,5.7,0.22,1.7,0.33,39,93,41.9,188,25,36.7,35.5,50,48.0,41.6,64,3,4.7,4,0.8,15.2
1009,0,3,2,40.2,0.26,7.2,0.21,177,394,44.9,667,138,37.0,34.8,264,55.7,41.9,556,36,6.5,15,0.43,9.8
1032,0,0,0,4.5,0.37,0.5,0.15,15,30,50.0,41,10,46.3,39.5,25,44.0,37.4,34,2,5.9,0,0.0,9.7
1038,0,8,1,55.2,0.27,8.2,0.22,167,354,47.2,735,146,33.9,33.8,369,28.5,29.8,638,27,4.2,13,0.35,10.8
1070,0,0,0,1.1,0.18,1.1,0.86,7,14,50.0,31,7,29.0,33.0,11,45.5,33.7,36,1,2.8,0,0.0,11.8
1073,2,3,0,42.4,0.29,10.4,0.28,173,415,41.7,921,155,32.7,32.8,298,38.3,35.2,487,19,3.9,20,0.54,13.4
1103,0,0,0,0.0,0.03,0.0,0.03,3,6,50.0,15,3,33.3,32.5,3,33.3,32.3,3,0,0.0,0,0.0,10.0
1111,2,5,0,53.1,0.27,2.1,0.06,137,369,37.1,634,144,37.7,34.3,315,41.3,35.6,600,34,5.7,15,0.39,10.8
1148,1,4,1,57.6,0.29,7.6,0.21,199,506,39.3,884,139,41.7,36.1,251,54.6,43.1,454,27,5.9,39,1.05,14.8
1180,0,0,0,1.0,0.34,-1.0,-1.69,1,1,100.0,7,1,14.3,23.7,5,0.0,19.4,4,0,0.0,0,0.0,0.0
1183,2,8,1,52.4,0.27,2.4,0.07,142,429,33.1,641,118,42.9,37.0,272,56.6,43.9,560,25,4.5,24,0.67,12.8
1211,0,1,2,6.7,0.33,-4.3,-1.86,3,17,17.6,35,15,17.1,28.5,18,61.1,48.6,38,0,0.0,0,0.0,9.4
1229,1,9,0,49.2,0.3,4.2,0.12,257,585,43.9,902,160,50.9,40.6,293,43.0,39.5,671,48,7.2,19,0.54,11.3
1254,0,1,1,6.1,0.29,-0.9,-0.31,6,24,25.0,52,12,26.9,32.8,29,34.5,30.2,49,2,4.1,0,0.0,6.4
1271,1,9,2,51.8,0.27,-6.2,-0.2,158,463,34.1,742,153,45.3,38.3,256,49.6,40.8,531,42,7.9,28,0.91,12.3
1298,1,1,0,6.9,0.2,-2.1,-0.49,23,57,40.4,78,17,48.7,39.9,30,63.3,48.1,62,4,6.5,7,1.64,16.3
1303,0,1,0,4.4,0.16,0.4,0.14,18,50,36.0,67,13,37.3,36.8,32,78.1,53.0,92,5,5.4,0,0.0,4.5
1328,0,1,2,27.4,0.32,-1.6,-0.11,98,205,47.8,261,58,54.8,40.3,115,53.9,40.4,275,24,8.7,18,1.2,13.3
1334,1,3,1,23.7,0.31,-0.3,-0.02,36,107,33.6,177,62,33.9,33.7,95,49.5,38.9,209,15,7.2,8,0.73,10.8
1335,1,1,0,18.6,0.31,-1.4,-0.14,46,100,46.0,175,50,37.1,35.3,69,50.7,42.4,160,14,8.8,9,0.9,12.1
1350,0,1,0,3.1,0.44,-0.9,-0.47,4,14,28.6,25,10,40.0,37.0,16,25.0,27.1,47,4,8.5,0,0.0,6.8
1364,0,4,0,27.5,0.27,3.5,0.11,71,202,35.1,736,165,20.8,27.6,145,33.8,34.5,313,27,8.6,39,1.18,16.5
1384,0,0,0,0.4,0.15,0.4,0.44,0,0,0.0,17,6,0.0,22.1,0,0.0,0.0,3,1,33.3,1,1.0,15.0
1391,0,5,3,30.8,0.27,-2.2,-0.07,126,291,43.3,1103,132,23.1,28.7,112,32.1,32.7,341,30,8.8,57,1.9,17.3
1406,0,1,0,5.0,0.23,2.0,0.49,22,61,36.1,168,15,31.5,31.0,11,72.7,51.7,55,1,1.8,5,1.25,16.6
1420,1,1,0,29.1,0.29,-3.9,-0.17,73,159,45.9,779,110,18.6,27.7,97,14.4,26.0,231,9,3.9,32,1.4,17.5
1432,1,2,0,11.8,0.35,-0.2,-0.01,26,79,32.9,348,57,20.4,26.2,47,17.0,26.4,108,5,4.6,16,1.45,19.9
1451,0,7,0,25.3,0.28,-4.7,-0.22,57,155,36.8,822,89,14.7,25.7,134,25.4,30.7,251,16,6.4,37,1.76,17.6
1458,1,1,1,10.3,0.25,2.3,0.17,22,79,27.8,373,58,12.9,25.1,97,32.0,32.2,175,7,4.0,14,1.08,14.5
1471,0,9,1,36.8,0.28,3.8,0.14,106,268,39.6,1006,106,19.6,28.1,165,43.0,38.5,359,7,1.9,17,0.65,12.5
1489,0,0,1,7.8,0.3,-0.2,-0.03,27,81,33.3,334,29,20.1,28.3,31,45.2,42.1,107,8,7.5,7,0.91,14.5
1503,0,4,0,48.3,0.28,0.3,0.01,102,361,28.3,949,137,28.9,29.8,212,41.0,36.2,452,16,3.5,30,0.94,15.2
1522,0,0,0,1.4,0.15,-0.6,-0.31,4,29,13.8,77,15,31.2,34.4,15,33.3,37.9,33,4,12.1,4,2.0,15.7
1536,3,9,1,68.6,0.31,3.6,0.11,208,529,39.3,1159,165,33.7,32.7,249,55.4,44.9,545,31,5.7,73,2.15,16.7
1567,0,7,3,53.6,0.27,1.6,0.05,249,595,41.8,1164,167,35.2,35.9,316,58.5,46.1,495,24,4.8,17,0.5,13.2
1592,0,4,1,41.0,0.3,5.0,0.18,145,330,43.9,977,161,28.5,32.7,144,36.1,38.1,407,34,8.4,30,1.11,14.6
1605,0,1,0,13.1,0.3,-3.9,-0.56,31,85,36.5,177,37,37.9,34.2,69,26.1,32.5,109,7,6.4,9,1.29,14.4
1618,1,5,1,50.0,0.3,-7.0,-0.21,193,568,34.0,1148,160,35.4,34.2,241,67.2,50.7,485,31,6.4,30,0.88,13.6
1645,0,10,2,49.3,0.26,-0.7,-0.02,169,450,37.6,1151,92,30.8,32.4,187,51.3,44.3,484,28,5.8,50,1.61,15.0
1664,0,2,0,6.7,0.29,-1.3,-0.43,16,40,40.0,74,6,36.5,34.5,24,54.2,46.5,36,2,5.6,2,0.67,11.6
1676,0,2,2,36.4,0.3,-0.6,-0.03,161,390,41.3,786,118,36.3,35.0,161,65.2,48.4,335,25,7.5,38,1.52,15.7
1689,2,2,1,11.5,0.32,-4.5,-0.51,40,104,38.5,263,39,33.5,32.8,37,43.2,39.6,127,1,0.8,3,0.33,12.1
1701,1,2,1,49.2,0.37,2.2,0.07,180,512,35.2,862,146,47.3,38.5,177,58.8,46.4,393,42,10.7,48,1.6,16.0
1721,1,0,0,2.4,0.15,-0.6,-0.15,18,58,31.0,132,14,38.6,34.7,21,33.3,34.8,38,4,10.5,2,0.5,11.3
1733,0,6,0,45.1,0.26,-3.9,-0.14,112,315,35.6,888,140,26.0,29.7,161,52.2,42.5,460,21,4.6,22,0.81,13.2
1748,0,1,0,13.3,0.24,-4.7,-0.67,32,90,35.6,242,37,30.2,32.3,34,50.0,41.8,78,7,9.0,12,1.71,15.3
1757,2,7,1,51.7,0.28,-3.3,-0.1,198,525,37.7,1096,174,35.2,33.6,218,63.8,47.4,539,54,10.0,37,1.12,12.9
1782,0,0,0,1.2,0.2,-0.8,-0.81,4,10,40.0,28,4,32.1,34.1,8,12.5,28.4,13,0,0.0,0,0.0,5.0
1787,0,9,3,59.6,0.27,-7.4,-0.22,430,1041,41.3,1498,89,61.0,42.5,208,61.1,46.9,510,35,6.9,104,3.15,19.8
1810,0,0,1,2.7,0.68,-0.3,-0.3,20,43,46.5,42,2,85.7,51.3,7,100.0,61.1,13,0,0.0,0,0.0,7.7
1812,0,10,0,62.0,0.36,2.0,0.06,135,372,36.3,1148,101,28.4,31.4,149,30.9,34.3,504,14,2.8,21,0.62,13.4
1838,2,7,2,68.0,0.34,-6.0,-0.19,245,618,39.6,1204,182,36.3,34.8,289,62.6,48.5,453,24,5.3,51,1.65,16.5
1860,0,2,0,6.3,0.37,-3.7,-1.25,33,72,45.8,129,13,41.1,36.0,21,90.5,59.6,51,3,5.9,9,3.0,19.1
1870,0,0,2,23.5,0.29,5.5,0.17,122,249,49.0,878,99,23.1,28.0,150,30.7,33.1,301,21,7.0,44,1.34,15.9
1892,0,0,0,1.5,0.32,0.5,0.51,4,6,66.7,29,7,10.3,26.9,7,42.9,32.0,7,0,0.0,4,4.0,31.2
1895,0,0,0,0.1,0.07,0.1,1.01,1,1,100.0,3,1,0.0,20.7,2,50.0,50.0,2,0,0.0,0,0.0,0.0
1906,0,3,0,12.8,0.27,0.8,0.04,71,193,36.8,660,85,25.9,29.3,46,47.8,42.7,170,20,11.8,41,2.31,19.2
1907,0,1,0,13.7,0.35,-0.3,-0.02,57,138,41.3,656,64,17.8,25.6,52,40.4,39.9,142,19,13.4,50,3.08,19.2
1925,1,4,1,40.1,0.28,7.1,0.22,128,426,30.0,932,156,37.1,34.2,197,40.6,35.6,359,20,5.6,54,1.69,18.6
1944,0,0,1,1.9,0.32,0.9,0.47,6,24,25.0,41,9,43.9,40.0,9,66.7,53.7,14,1,7.1,1,0.5,19.0
1951,1,2,0,31.3,0.27,3.3,0.11,168,352,47.7,988,172,29.4,31.6,124,50.0,41.5,344,30,8.7,42,1.45,17.5
1969,0,1,1,6.0,0.36,0.0,-0.01,22,59,37.3,125,13,39.2,35.3,17,58.8,47.5,44,0,0.0,5,1.25,16.4
1975,0,0,0,3.5,0.32,-0.5,-0.47,13,26,50.0,37,3,48.6,38.4,9,88.9,65.0,12,0,0.0,0,0.0,11.8
1989,0,0,1,32.4,0.33,1.4,0.07,123,322,38.2,893,113,32.3,33.0,114,29.8,32.7,263,21,8.0,30,1.48,16.0
2001,0,1,0,13.8,0.41,-3.2,-0.44,33,87,37.9,259,38,30.5,30.2,45,17.8,28.3,91,7,7.7,7,0.95,13.6
2003,0,1,0,11.4,0.37,-0.6,-0.09,49,104,47.1,305,40,27.9,29.9,36,52.8,43.5,66,6,9.1,13,2.05,15.8
2018,1,4,0,46.2,0.28,0.2,0.01,170,492,34.6,776,141,45.0,37.0,275,52.0,41.9,535,28,5.2,23,0.78,12.4
2037,0,0,0,5.5,0.32,0.5,0.11,36,87,41.4,136,21,44.1,36.9,48,56.3,46.6,88,10,11.4,3,0.64,11.2
2046,0,5,1,43.6,0.27,2.6,0.09,155,426,36.4,792,137,38.0,34.7,231,54.1,42.3,392,36,9.2,29,1.0,14.7
2064,0,0,0,5.1,0.26,0.1,0.02,25,63,39.7,120,20,38.3,35.7,25,68.0,49.0,72,8,11.1,4,0.8,13.6
2080,1,4,1,49.0,0.28,2.0,0.06,307,731,42.0,1242,123,44.0,37.0,236,78.0,58.0,629,37,5.9,38,1.12,14.4
2106,0,4,1,46.2,0.25,1.2,0.04,219,651,33.6,1211,127,45.0,37.3,223,47.5,40.7,670,17,2.5,32,0.94,15.3
2138,1,2,1,25.9,0.31,-1.1,-0.07,89,247,36.0,426,65,37.3,34.2,125,70.4,51.1,225,23,10.2,13,0.81,12.9
2141,0,5,1,15.9,0.31,-5.1,-0.43,73,253,28.9,268,21,70.1,49.3,84,77.4,55.2,170,11,6.5,8,0.67,12.5
2149,0,1,0,7.1,0.38,1.1,0.22,28,105,26.7,116,15,62.1,45.4,35,94.3,66.7,56,7,12.5,9,1.8,21.3
2156,0,0,0,0.3,0.09,0.3,0.28,4,10,40.0,19,6,36.8,34.0,5,60.0,51.0,11,3,27.3,2,2.0,19.8
2170,0,2,1,40.4,0.37,-1.6,-0.07,106,269,39.4,574,114,32.9,32.2,137,58.4,44.8,322,20,6.2,16,0.73,12.1
2175,0,5,1,20.2,0.34,-5.8,-0.48,69,189,36.5,339,43,40.7,34.8,86,59.3,47.7,184,7,3.8,4,0.33,10.0
2187,0,9,4,60.1,0.28,0.1,0.0,248,633,39.2,1115,183,45.2,37.4,240,53.8,45.9,549,33,6.0,30,0.94,12.5
2206,0,0,0,3.9,0.26,0.9,0.44,8,33,24.2,77,15,31.2,32.5,22,40.9,36.9,36,5,13.9,6,3.0,15.6
2218,0,9,1,55.3,0.32,3.3,0.12,266,838,31.7,844,77,74.3,50.0,234,90.2,65.0,396,28,7.1,32,1.11,12.8
2232,0,0,0,6.8,0.29,0.8,0.16,42,163,25.8,150,14,80.0,49.6,43,100.0,66.3,70,3,4.3,13,2.52,16.1
2244,2,11,1,68.8,0.29,-4.2,-0.12,207,688,30.1,1037,160,49.5,40.0,308,56.8,47.2,580,30,5.2,18,0.53,10.0
2272,1,3,2,50.3,0.27,3.3,0.11,222,617,36.0,1117,144,42.1,37.3,219,67.1,53.9,502,40,8.0,39,1.33,14.7
2291,0,1,0,5.4,0.27,0.4,0.11,23,79,29.1,118,23,45.8,38.6,37,67.6,53.1,64,0,0.0,3,0.84,15.5
2292,0,1,0,3.9,0.38,1.9,1.9,7,17,41.2,31,4,32.3,34.2,12,58.3,46.7,17,1,5.9,1,1.0,11.5
2296,0,18,1,60.6,0.3,-11.4,-0.33,332,944,35.2,1311,186,54.4,43.5,266,86.8,61.1,545,42,7.7,20,0.59,10.8
2324,2,9,0,77.4,0.31,-1.6,-0.05,237,713,33.2,1109,164,43.1,36.7,288,81.6,58.6,513,40,7.8,40,1.25,12.8
2349,1,1,0,3.9,0.39,-3.1,-3.07,8,26,30.8,42,5,52.4,40.6,4,100.0,57.0,32,4,12.5,1,1.0,10.6
2350,0,0,0,2.8,0.28,0.0,0.0,5,14,35.7,41,9,0.0,34.6,3,0.0,13.7,11,1,9.1,2,2.02,12.4
2360,0,11,1,70.2,0.29,-2.8,-0.08,235,698,33.7,1137,153,45.0,36.6,262,71.0,51.2,450,18,4.0,25,0.74,13.2
2399,0,2,0,21.2,0.31,4.2,0.2,35,99,35.4,548,95,13.7,25.2,116,20.7,28.7,283,27,9.5,23,1.1,12.2
2409,0,0,1,10.0,0.28,2.0,0.15,34,92,37.0,386,57,19.2,27.0,70,25.7,30.6,157,6,3.8,10,0.75,14.7
2413,0,0,0,3.1,0.22,3.1,0.85,10,19,52.6,105,25,16.2,26.7,18,11.1,27.8,47,2,4.3,5,1.36,15.3
2422,0,1,0,27.7,0.25,0.7,0.03,92,167,55.1,871,115,14.4,26.3,163,25.8,30.9,334,13,3.9,31,1.11,15.6
2437,0,0,0,13.9,0.36,-3.1,-0.31,21,49,42.9,249,46,13.3,23.7,48,33.3,35.5,116,2,1.7,5,0.5,10.6
2447,0,8,0,51.1,0.28,5.1,0.13,155,420,36.9,1140,178,25.6,30.0,246,52.0,44.8,534,41,7.7,33,0.87,13.2
2472,0,3,0,39.8,0.28,-3.2,-0.08,114,336,33.9,740,180,27.6,31.5,283,46.6,38.7,579,36,6.2,22,0.58,11.8
2499,0,2,4,38.0,0.28,9.0,0.26,220,679,32.4,982,144,48.5,38.7,240,84.6,60.9,450,31,6.9,46,1.3,16.3
2521,0,0,0,2.4,0.2,-1.6,-0.61,18,49,36.7,78,20,35.9,32.4,22,95.5,64.5,41,2,4.9,3,1.13,15.3
2526,0,5,1,37.9,0.26,2.9,0.08,182,440,41.4,1090,111,30.6,32.0,163,65.6,50.9,383,18,4.7,54,1.48,16.9
2552,0,0,0,2.9,0.37,-0.1,-0.09,10,25,40.0,37,5,45.9,37.0,8,100.0,63.4,27,1,3.7,4,2.54,20.1
2559,2,3,2,37.5,0.26,3.5,0.13,129,380,33.9,772,119,36.0,33.5,183,55.7,43.0,375,31,8.3,34,1.24,14.9
2576,0,0,1,5.5,0.27,1.5,0.21,38,80,47.5,169,30,30.2,30.6,60,48.3,40.1,101,4,4.0,6,0.86,12.6
2585,1,0,0,4.5,0.25,0.5,0.15,13,50,26.0,82,18,37.8,36.5,35,54.3,46.4,65,3,4.6,2,0.57,10.5
2592,1,9,1,59.8,0.27,-2.2,-0.06,144,360,40.0,1055,178,24.5,29.7,245,41.6,37.8,650,34,5.2,36,1.0,13.4
2620,0,0,0,1.9,0.21,-0.1,-0.05,6,18,33.3,58,12,24.1,30.2,11,36.4,38.8,38,1,2.6,0,0.0,5.3
2625,0,4,2,49.2,0.31,10.2,0.28,185,671,27.6,864,142,57.3,41.4,245,71.8,53.4,530,45,8.5,31,0.85,12.3
2647,1,2,0,1.7,0.14,-1.3,-1.52,4,20,20.0,24,2,62.5,40.5,7,71.4,51.4,19,1,5.3,1,1.14,11.4
2649,0,1,0,0.5,0.17,-0.5,-0.75,2,5,40.0,15,4,26.7,29.1,3,33.3,32.7,12,0,0.0,0,0.0,8.3
2653,0,3,2,38.4,0.25,2.4,0.07,279,701,39.8,807,116,62.3,44.6,295,67.1,47.8,501,25,5.0,29,0.85,13.1
2673,0,1,0,6.4,0.27,-1.6,-0.4,36,77,46.8,88,9,54.5,41.7,31,93.5,66.8,29,4,13.8,8,2.0,15.2
2683,0,6,0,45.6,0.34,-1.4,-0.04,282,658,42.9,961,100,52.0,40.4,222,71.2,51.2,468,29,6.2,43,1.35,16.4
2703,0,2,0,6.1,0.26,-2.9,-0.47,47,113,41.6,174,19,56.3,42.5,22,68.2,49.7,69,1,1.4,15,2.45,24.8
2712,0,6,0,53.9,0.29,1.9,0.05,339,908,37.3,979,123,66.2,45.8,310,83.9,57.3,458,17,3.7,62,1.63,17.3
2741,0,1,0,1.3,0.63,-0.7,-9.63,2,7,28.6,6,1,50.0,39.2,4,100.0,71.8,5,1,20.0,0,0.0,10.7
2750,0,5,2,39.7,0.31,2.7,0.1,137,356,38.5,589,134,39.4,35.5,213,58.2,45.3,420,23,5.5,27,1.01,13.3
2757,0,2,1,16.3,0.31,-0.7,-0.07,39,138,28.3,223,48,35.4,34.4,98,60.2,45.7,136,5,3.7,9,0.8,13.2
2782,1,1,1,29.8,0.26,3.8,0.16,166,449,37.0,583,108,49.9,39.4,201,78.6,56.4,359,20,5.6,17,0.71,13.5
2792,0,3,1,22.6,0.3,-1.4,-0.11,52,148,35.1,314,70,32.5,32.7,79,58.2,45.9,152,11,7.2,15,1.15,15.4
2805,0,0,0,1.1,0.37,-0.9,-0.88,6,16,37.5,24,4,41.7,36.1,7,85.7,57.4,9,0,0.0,0,0.0,0.0
2811,1,4,1,41.8,0.27,-0.2,-0.01,322,795,40.5,946,117,60.9,44.7,300,73.0,54.3,502,33,6.6,28,0.78,13.7
2834,0,0,0,1.2,0.19,0.2,0.17,1,11,9.1,32,8,31.3,33.0,3,33.3,35.7,6,1,16.7,0,0.0,7.0
2835,0,0,0,0.7,0.16,0.7,0.66,10,18,55.6,23,3,52.2,42.0,9,66.7,54.2,12,0,0.0,1,1.0,23.0
2836,0,5,3,48.7,0.28,7.7,0.21,137,447,30.6,1762,194,21.7,27.3,151,42.4,39.1,521,29,5.6,96,2.65,17.8
2860,0,0,0,2.5,0.62,-0.5,-0.3,9,26,34.6,73,10,27.4,30.4,12,50.0,41.3,24,1,4.2,4,2.35,18.0
2865,1,5,2,46.9,0.31,1.9,0.05,168,598,28.1,928,171,47.1,39.4,267,60.3,48.4,529,23,4.3,38,1.03,14.6
2886,0,0,0,0.9,0.93,-0.1,-0.07,2,15,13.3,36,5,36.1,36.3,4,50.0,53.5,5,0,0.0,2,2.0,17.0
2892,0,6,0,46.4,0.3,-0.6,-0.02,313,785,39.9,897,115,60.4,44.0,284,85.6,62.1,526,53,10.1,45,1.33,12.9
2913,0,0,1,5.3,0.26,-1.7,-0.4,51,125,40.8,104,8,76.9,49.3,48,93.8,63.5,91,7,7.7,0,0.0,7.0
2925,0,7,0,59.7,0.32,-3.3,-0.1,158,543,29.1,995,146,38.4,35.5,264,61.0,46.3,551,25,4.5,38,1.15,14.5
2950,0,1,0,8.5,0.37,-1.5,-0.36,22,67,32.8,133,28,39.8,35.6,26,53.8,44.0,72,4,5.6,7,1.75,14.5
2956,0,0,0,2.1,0.02,0.1,0.05,1,5,20.0,25,6,20.0,24.1,2,0.0,16.5,6,0,0.0,2,2.0,22.7
2970,0,6,0,22.6,0.27,-5.4,-0.32,127,354,35.9,566,78,45.8,39.4,122,77.9,55.9,275,23,8.4,18,1.06,14.2
2973,0,2,1,27.8,0.33,-0.2,-0.01,73,186,39.2,388,88,31.4,32.2,110,58.2,44.3,195,6,3.1,13,0.87,12.6
2982,0,1,1,7.8,0.46,-2.2,-0.71,14,47,29.8,88,10,37.5,35.7,17,82.4,62.1,36,4,11.1,11,3.54,17.3
2984,0,3,0,12.1,0.46,1.1,0.37,17,39,43.6,74,9,33.8,33.3,24,58.3,46.3,30,0,0.0,10,3.33,23.0
2999,0,2,0,30.3,0.25,10.3,0.43,36,94,38.3,641,113,11.4,24.2,131,16.0,23.0,294,15,5.1,23,0.95,13.2
3019,0,2,0,6.0,0.24,-1.0,-0.17,14,46,30.4,174,19,23.0,29.6,37,16.2,27.1,71,2,2.8,5,0.85,14.8
3021,0,0,0,4.7,0.31,-1.3,-0.33,4,9,44.4,80,12,10.0,23.5,18,5.6,22.2,37,0,0.0,5,1.25,16.3
3034,1,6,1,32.0,0.27,1.0,0.05,82,249,32.9,536,91,32.5,32.1,130,57.7,43.5,282,22,7.8,19,0.86,11.3
3044,0,0,1,14.7,0.29,5.7,0.47,39,121,32.2,296,68,31.1,32.0,80,36.3,33.4,160,13,8.1,7,0.58,11.0
3061,0,4,0,36.2,0.27,2.2,0.07,232,482,48.1,908,134,39.3,35.1,188,66.5,47.3,382,18,4.7,41,1.28,15.7
3074,0,0,0,0.3,0.07,0.3,0.13,12,36,33.3,70,10,41.4,37.2,10,70.0,55.4,24,0,0.0,2,0.99,23.0
3083,0,2,2,35.7,0.26,5.7,0.17,101,344,29.4,1059,121,26.5,29.6,123,51.2,44.5,388,25,6.4,28,0.85,12.7
3102,0,0,0,1.7,0.35,-0.3,-0.26,5,16,31.3,37,1,40.5,35.9,1,100.0,61.0,11,2,18.2,4,3.96,15.0
3111,0,1,1,30.7,0.22,2.7,0.08,74,189,39.2,1086,158,14.4,23.9,147,22.4,25.5,376,32,8.5,21,0.62,12.2
3139,1,7,1,43.5,0.25,-4.5,-0.15,132,362,36.5,839,156,34.1,32.4,196,38.8,34.1,438,36,8.2,28,0.9,12.4
3165,1,0,0,4.7,0.33,-1.3,-0.44,5,24,20.8,81,13,16.0,26.1,23,47.8,39.0,32,3,9.4,3,1.0,13.4
3173,0,6,1,42.3,0.27,8.3,0.25,163,369,44.2,948,143,31.8,31.5,170,40.0,33.5,388,32,8.2,39,1.18,14.8
3195,0,0,0,1.0,0.49,-1.0,-1.03,1,10,10.0,22,5,31.8,29.0,4,75.0,60.5,8,0,0.0,0,0.0,9.8
3200,1,7,1,32.6,0.24,-5.4,-0.17,93,325,28.6,1044,113,24.8,29.4,149,44.3,37.3,406,15,3.7,25,0.77,13.9
3225,0,0,0,1.3,0.21,-0.7,-0.55,5,12,41.7,41,6,26.8,28.4,10,10.0,27.0,24,4,16.7,1,0.74,10.4
3233,1,4,1,42.7,0.27,-3.3,-0.1,124,353,35.1,1135,179,25.2,30.1,157,42.7,36.9,522,38,7.3,46,1.35,14.2
3262,0,5,3,38.2,0.25,-4.8,-0.14,134,416,32.2,1017,149,29.9,31.5,192,58.3,43.1,451,36,8.0,37,1.09,15.1
3291,2,6,0,45.3,0.3,-0.7,-0.02,92,285,32.3,702,93,27.4,29.3,193,48.2,38.9,490,7,1.4,16,0.47,10.7
3318,2,3,3,36.8,0.24,2.8,0.09,150,436,34.4,781,137,44.2,36.6,221,41.2,36.4,471,29,6.2,13,0.43,9.5
3337,0,1,0,10.9,0.32,-0.1,-0.02,18,61,29.5,118,26,42.4,38.0,23,47.8,42.5,56,3,5.4,0,0.0,9.6
3356,0,2,2,20.0,0.31,-2.0,-0.11,88,226,38.9,505,68,37.4,34.5,113,32.7,33.7,257,6,2.3,19,1.0,13.9
3360,0,1,1,19.8,0.25,-5.2,-0.35,56,183,30.6,440,57,36.4,34.4,61,37.7,36.0,203,19,9.4,21,1.4,13.4
3379,0,2,0,42.4,0.31,-0.6,-0.02,123,388,31.7,839,145,34.2,34.0,166,60.8,46.9,385,33,8.6,33,1.19,13.0
3398,0,0,0,12.5,0.35,1.5,0.26,51,125,40.8,141,28,51.1,40.3,71,74.6,49.8,116,8,6.9,0,0.0,7.8
3408,0,1,0,0.3,0.28,-0.7,-2.71,1,2,50.0,7,2,28.6,30.7,0,0.0,0.0,4,0,0.0,0,0.0,0.0
3413,0,5,2,47.0,0.3,6.0,0.18,155,454,34.1,719,135,46.9,37.1,222,52.7,39.1,470,32,6.8,24,0.73,12.5
3436,0,0,0,2.9,0.39,0.9,0.92,3,9,33.3,17,0,47.1,33.1,2,50.0,32.5,12,0,0.0,1,1.0,14.5
3440,1,7,0,52.3,0.26,-4.7,-0.14,209,666,31.4,708,125,57.3,42.4,292,89.0,59.0,569,46,8.1,22,0.66,10.3
3469,0,0,0,0.8,0.31,-0.2,-0.21,6,16,37.5,19,3,47.4,36.4,7,100.0,63.0,14,1,7.1,0,0.0,3.0
3470,1,8,1,63.1,0.27,-1.9,-0.06,139,378,36.8,921,162,29.1,31.4,228,48.2,38.8,591,24,4.1,13,0.38,8.9
3509,0,5,1,57.1,0.28,4.1,0.14,206,558,36.9,1065,129,42.8,36.7,176,58.0,44.5,439,39,8.9,46,1.53,14.4
3528,0,1,0,7.8,0.29,1.8,0.45,20,55,36.4,148,28,29.7,30.9,24,45.8,35.1,75,7,9.3,3,0.75,10.1
3541,0,2,1,27.2,0.3,1.2,0.04,114,246,46.3,1120,137,18.3,27.2,114,36.0,36.3,247,25,10.1,50,1.62,17.3
3557,0,1,0,9.0,0.33,2.0,0.28,28,68,41.2,247,24,24.7,27.9,19,36.8,34.4,65,6,9.2,13,1.84,16.8
3570,1,5,1,20.4,0.26,-2.6,-0.08,138,372,37.1,969,159,32.2,30.7,96,62.5,47.5,329,40,12.2,50,1.56,17.9
3581,0,1,0,3.7,0.26,-1.3,-0.22,19,69,27.5,169,30,34.9,33.3,19,52.6,41.4,46,8,17.4,9,1.5,14.6
3593,0,4,1,28.7,0.26,-0.3,-0.01,60,183,32.8,1021,140,14.1,24.7,116,33.6,33.3,299,13,4.3,33,1.18,17.7
3607,0,3,1,11.3,0.3,1.3,0.13,32,102,31.4,411,52,22.4,27.3,28,35.7,34.9,77,5,6.5,13,1.3,17.0
3623,0,10,4,50.8,0.37,6.8,0.2,121,332,36.4,1270,157,21.0,27.7,159,40.9,36.1,373,45,12.1,69,2.06,17.5
3637,1,0,0,11.1,0.3,-1.9,-0.43,15,48,31.3,176,19,20.5,27.1,27,44.4,35.9,46,6,13.0,1,0.22,8.4
3650,1,8,3,60.0,0.32,2.0,0.05,53,225,23.6,1363,193,14.3,24.0,201,14.9,22.2,511,33,6.5,81,2.13,17.1
3685,0,5,3,28.3,0.26,-6.7,-0.3,67,214,31.3,655,97,22.1,27.8,149,46.3,37.8,312,20,6.4,20,0.91,12.7
3691,0,3,0,24.2,0.28,-0.8,-0.05,61,147,41.5,516,87,21.3,28.1,91,40.7,33.7,202,19,9.4,27,1.7,15.8
3718,0,5,0,42.5,0.29,0.5,0.02,56,165,33.9,480,143,15.6,25.4,169,53.3,39.1,296,20,6.8,22,1.0,12.9
3720,1,2,0,16.8,0.3,0.8,0.05,41,118,34.7,304,88,21.1,28.6,95,56.8,43.8,143,9,6.3,28,1.87,19.0
3733,0,1,1,2.0,0.29,-1.0,-0.99,3,18,16.7,27,5,48.1,36.3,9,55.6,41.8,10,1,10.0,3,3.0,19.5
3742,1,11,1,59.2,0.27,2.2,0.06,149,513,29.0,1351,140,31.0,31.2,162,58.0,44.6,601,40,6.7,37,0.97,13.1
3779,0,3,3,52.1,0.24,2.1,0.07,160,430,37.2,643,144,43.9,36.8,219,67.6,47.3,468,27,5.8,7,0.23,8.9
3786,0,3,1,19.8,0.33,-0.2,-0.02,50,123,40.7,182,44,50.0,39.0,56,57.1,45.1,114,8,7.0,1,0.12,7.6
3809,0,4,1,20.0,0.27,-6.0,-0.3,117,355,33.0,453,63,55.0,41.2,141,75.2,52.8,339,24,7.1,12,0.6,11.2
3810,0,3,1,27.4,0.31,-1.6,-0.09,59,245,24.1,377,52,46.7,38.6,105,65.7,47.0,246,5,2.0,17,0.94,13.8
3824,0,0,0,0.1,0.15,-0.9,-19.2,0,5,0.0,4,0,100.0,53.8,1,100.0,63.0,1,1,100.0,0,0.0,3.5
3830,0,3,0,25.4,0.25,-2.6,-0.12,55,142,38.7,789,117,17.1,24.4,72,9.7,15.7,232,17,7.3,31,1.48,15.8
3835,1,5,2,25.7,0.32,-6.3,-0.37,47,132,35.6,617,69,20.1,26.6,54,14.8,18.8,173,7,4.0,41,2.41,20.6
3858,1,3,1,55.2,0.31,1.2,0.04,172,494,34.8,833,154,44.1,36.9,223,57.0,44.2,413,26,6.3,34,1.06,13.7
3873,0,0,0,5.0,0.23,0.0,0.01,22,72,30.6,92,13,55.4,41.7,26,80.8,55.6,60,3,5.0,3,0.75,14.8
3877,0,3,0,2.9,0.27,-4.1,-2.04,5,15,33.3,57,10,19.3,26.9,11,36.4,29.2,19,2,10.5,0,0.0,9.6
3885,2,3,4,55.7,0.26,-1.3,-0.03,144,439,32.8,1372,167,23.7,28.5,201,56.7,44.7,472,19,4.0,40,1.05,14.2
3912,1,7,1,65.9,0.31,8.9,0.26,87,424,20.5,841,190,33.3,33.0,253,56.9,42.6,522,45,8.6,28,0.83,12.6
3928,0,0,0,5.8,0.39,-1.2,-0.28,13,56,23.2,111,9,36.0,33.8,33,48.5,36.9,50,0,0.0,3,0.7,13.3
3937,0,9,3,52.4,0.28,4.4,0.12,360,901,40.0,1297,141,56.7,41.6,273,60.8,48.3,570,30,5.3,54,1.42,15.9
3963,0,6,0,55.4,0.31,-7.6,-0.21,242,647,37.4,1288,131,36.6,34.5,289,60.9,46.7,568,44,7.7,37,1.01,12.6
3987,0,0,0,1.5,0.2,-0.5,-0.3,12,30,40.0,56,5,41.1,35.8,15,46.7,39.9,37,2,5.4,1,0.67,10.0
4003,1,4,0,22.1,0.26,-5.9,-0.35,126,280,45.0,436,99,42.7,35.7,136,69.1,47.0,296,30,10.1,18,1.06,13.3
4004,0,9,2,17.2,0.27,-7.8,-0.49,75,179,41.9,283,51,45.9,36.6,93,52.7,41.4,223,11,4.9,4,0.25,9.4
4014,0,2,0,7.9,0.31,-4.1,-0.83,28,60,46.7,130,21,25.4,29.6,44,61.4,44.3,92,3,3.3,2,0.4,10.3
4024,0,13,4,77.6,0.34,-3.4,-0.09,271,808,33.5,1121,150,52.0,39.5,341,66.0,47.5,558,16,2.9,76,2.01,20.5
4050,0,0,0,0.1,0.06,0.1,0.75,3,6,50.0,6,1,83.3,50.8,3,33.3,37.3,3,0,0.0,1,6.0,19.0
4054,0,10,2,54.1,0.3,-5.9,-0.21,138,606,22.8,1332,162,33.9,31.3,198,78.3,54.2,419,30,7.2,43,1.54,15.0
4069,0,1,1,21.7,0.26,6.7,0.67,77,219,35.2,547,54,36.4,34.3,33,60.6,45.1,143,20,14.0,31,3.1,17.2
4088,0,8,5,70.5,0.33,-3.5,-0.12,206,619,33.3,782,101,54.6,40.2,262,73.3,52.3,468,28,6.0,42,1.43,14.7
4101,0,4,2,14.7,0.25,-8.3,-0.97,65,199,32.7,207,25,57.5,41.2,89,89.9,59.4,193,11,5.7,14,1.63,14.4
4120,2,0,0,25.3,0.29,-0.7,-0.03,151,309,48.9,833,111,28.8,29.9,153,45.1,35.7,245,26,10.6,52,1.92,16.4
4138,0,1,0,3.0,0.26,0.0,-0.01,26,51,51.0,79,8,43.0,35.1,30,56.7,39.4,32,3,9.4,3,1.03,9.9
4147,0,6,0,29.8,0.32,-0.2,-0.01,156,342,45.6,885,119,33.8,34.9,113,38.1,37.1,311,21,6.8,32,1.11,15.2
4168,0,0,0,1.0,0.49,0.0,-0.02,3,4,75.0,21,1,14.3,28.0,4,25.0,21.5,9,0,0.0,0,0.0,9.0
4171,0,0,0,0.2,0.19,0.2,0.83,0,1,0.0,5,3,20.0,29.8,0,0.0,0.0,4,0,0.0,0,0.0,0.0
4178,0,0,0,31.7,0.27,8.7,0.38,120,268,44.8,743,94,27.2,31.9,140,47.1,38.1,344,14,4.1,12,0.52,12.4
4187,0,0,0,7.0,0.21,0.0,0.0,21,62,33.9,232,18,23.3,28.5,36,22.2,27.6,101,6,5.9,7,1.0,14.4
4205,0,4,2,39.8,0.33,7.8,0.26,258,711,36.3,663,37,82.7,49.8,180,90.6,59.8,365,11,3.0,54,1.8,18.5
4232,1,1,0,34.6,0.27,3.6,0.12,160,437,36.6,925,117,40.5,36.8,169,36.7,37.6,414,33,8.0,20,0.67,12.6
4258,0,3,1,28.3,0.25,2.3,0.08,173,459,37.7,1276,152,31.4,32.5,131,44.3,39.2,340,36,10.6,45,1.5,15.8
4296,0,0,0,15.2,0.23,6.2,0.52,58,115,50.4,272,82,27.9,30.9,87,44.8,38.5,168,17,10.1,7,0.58,12.0
4298,0,1,0,11.9,0.26,-0.1,-0.01,45,112,40.2,196,36,36.7,35.2,87,46.0,40.0,154,10,6.5,6,0.6,13.2
4301,0,2,0,15.5,0.31,-1.5,-0.19,40,100,40.0,201,44,35.8,34.3,48,58.3,43.2,114,9,7.9,4,0.5,12.3
4316,1,1,1,39.8,0.31,6.8,0.23,182,428,42.5,841,104,32.7,32.3,252,60.7,42.7,463,32,6.9,21,0.7,11.9
4352,0,1,0,33.7,0.29,-1.3,-0.06,107,289,37.0,900,130,27.3,30.9,101,42.6,38.0,319,38,11.9,17,0.77,10.9
4361,0,1,0,5.6,0.4,-2.4,-0.59,9,37,24.3,185,19,18.4,25.2,14,21.4,31.9,54,4,7.4,3,0.75,12.5
4362,0,2,0,2.1,0.17,-0.9,-0.23,21,43,48.8,148,24,27.7,31.9,12,16.7,30.5,52,3,5.8,8,2.0,17.1
4380,1,4,2,20.7,0.26,4.7,0.29,90,283,31.8,486,81,41.2,37.5,142,58.5,47.1,355,19,5.4,15,0.94,12.8
4384,0,1,0,17.8,0.27,-3.2,-0.29,64,166,38.6,308,70,34.4,33.0,100,60.0,43.9,189,17,9.0,6,0.55,10.6
4390,0,0,0,8.2,0.29,0.2,0.08,14,19,73.7,80,18,20.0,28.7,19,15.8,27.3,31,2,6.5,2,0.67,18.1
4399,1,6,1,41.9,0.3,-1.1,-0.04,108,323,33.4,798,106,32.7,33.0,184,33.7,34.0,355,20,5.6,17,0.65,12.6
4421,0,1,1,6.7,0.29,-2.3,-0.57,34,66,51.5,150,19,34.7,32.6,25,56.0,41.8,73,4,5.5,10,2.5,19.6
4429,0,4,0,36.4,0.24,1.4,0.05,113,402,28.1,725,131,42.3,36.9,224,42.4,37.4,415,29,7.0,17,0.59,11.5
4456,0,0,0,5.0,0.44,-1.0,-1.01,0,5,0.0,30,7,16.7,25.6,2,0.0,23.0,8,0,0.0,2,2.0,16.2
4464,0,2,1,42.0,0.29,4.0,0.16,160,436,36.7,768,125,40.5,35.9,168,74.4,52.2,358,39,10.9,38,1.46,15.6
4484,0,1,0,8.3,0.4,-0.7,-0.18,27,57,47.4,97,22,39.2,32.9,19,100.0,54.5,52,6,11.5,4,1.0,11.4
4492,0,0,0,0.0,0.0,0.0,0.0,3,3,100.0,1,0,100.0,44.0,2,100.0,48.0,1,0,0.0,0,0.0,0.0
4498,0,7,3,44.3,0.36,0.3,0.01,120,356,33.7,537,104,50.7,40.5,154,54.5,42.1,332,26,7.8,17,0.81,11.5
4506,0,3,1,12.0,0.29,3.0,0.33,83,212,39.2,211,37,65.4,43.3,91,81.3,51.6,170,12,7.1,10,1.11,13.2
4529,1,13,1,68.0,0.31,3.0,0.1,196,486,40.3,659,89,52.4,39.5,229,61.6,43.3,514,11,2.1,10,0.34,9.9
4565,0,0,1,0.0,0.0,0.0,0.0,2,7,28.6,11,1,45.5,39.8,2,100.0,62.5,4,1,25.0,0,0.0,2.0
4568,0,5,4,50.2,0.3,-1.8,-0.06,97,316,30.7,781,147,25.4,30.3,235,50.2,38.1,427,19,4.4,29,1.04,14.4
4586,0,1,0,2.3,0.17,0.3,0.16,13,53,24.5,65,6,40.0,36.0,37,73.0,51.3,49,2,4.1,3,1.5,13.3
4601,3,2,0,18.8,0.27,-3.2,-0.15,67,176,38.1,504,83,26.6,30.4,97,43.3,38.8,203,16,7.9,8,0.36,11.9
4609,0,2,0,5.6,0.31,-1.4,-0.14,18,40,45.0,187,33,13.9,25.4,47,29.8,32.0,101,5,5.0,8,0.8,13.0
4612,0,0,0,0.0,0.05,0.0,0.02,7,10,70.0,32,6,21.9,27.8,11,27.3,27.9,15,3,20.0,2,1.05,12.1
4618,0,0,0,0.0,0.0,0.0,0.0,0,0,0.0,0,0,0.0,0.0,2,0.0,22.5,1,0,0.0,0,0.0,0.0
4627,0,4,0,29.4,0.26,7.4,0.27,51,136,37.5,534,114,16.3,25.3,184,26.6,30.2,298,13,4.4,16,0.57,11.8
4641,1,0,0,3.3,0.22,0.3,0.07,11,31,35.5,104,20,20.2,29.2,34,29.4,32.6,53,4,7.5,4,0.8,14.5
4647,0,0,0,2.7,0.56,-0.3,-0.25,3,6,50.0,15,2,26.7,29.3,5,40.0,35.4,11,1,9.1,1,1.0,16.3
4656,1,0,2,25.9,0.27,2.9,0.09,116,278,41.7,1030,126,21.6,30.2,187,29.9,34.5,352,25,7.1,53,1.62,17.7
4685,1,1,0,1.0,0.26,-1.0,-0.77,9,17,52.9,51,6,31.4,32.2,5,20.0,26.4,22,1,4.5,4,3.16,22.9
4688,1,4,2,46.4,0.32,-1.6,-0.05,151,386,39.1,985,151,28.7,31.2,251,41.0,36.7,419,24,5.7,72,2.12,18.5
4719,0,2,1,35.8,0.32,5.8,0.22,157,349,45.0,618,86,39.0,36.1,179,60.3,45.6,345,18,5.2,34,1.28,14.7
4729,0,1,0,9.7,0.32,2.7,0.36,31,89,34.8,131,27,38.2,35.4,57,68.4,46.1,124,9,7.3,5,0.67,11.2
4741,0,6,1,33.8,0.28,0.8,0.03,188,466,40.3,867,127,39.1,35.3,260,48.8,40.8,489,35,7.2,18,0.6,10.8
4760,0,1,0,2.9,0.33,1.9,0.49,16,46,34.8,89,18,34.8,35.4,27,55.6,47.5,56,0,0.0,0,0.0,7.5
4767,0,0,0,0.0,0.0,0.0,0.0,4,7,57.1,10,1,50.0,37.8,2,100.0,64.0,3,1,33.3,0,0.0,9.0
4772,1,5,0,48.0,0.29,3.0,0.1,109,367,29.7,945,200,28.8,31.4,222,42.8,38.1,446,39,8.7,57,1.84,15.3
4788,0,1,1,3.3,0.47,-0.7,-0.36,11,25,44.0,94,5,24.5,30.4,13,15.4,26.5,25,1,4.0,6,3.0,20.9
4793,0,0,0,0.1,0.06,0.1,0.06,3,4,75.0,31,9,9.7,23.0,8,12.5,23.3,11,0,0.0,6,6.0,20.3
4800,1,4,2,47.8,0.29,10.8,0.33,176,426,41.3,891,206,32.5,32.9,250,54.4,44.4,466,47,10.1,49,1.48,14.1
4825,0,0,0,1.4,0.36,-0.6,-0.56,1,2,50.0,13,6,7.7,27.4,3,33.3,39.7,11,1,9.1,0,0.0,3.5
4828,1,6,0,43.7,0.3,-1.3,-0.04,144,457,31.5,759,111,35.7,34.2,295,63.1,47.8,520,31,6.0,17,0.55,11.8
4851,0,1,0,3.8,0.27,-1.2,-0.39,11,28,39.3,84,21,21.4,27.9,18,55.6,42.2,42,4,9.5,5,1.65,18.7
4860,0,8,1,57.9,0.29,12.9,0.4,190,625,30.4,681,129,54.5,42.4,369,68.8,51.8,708,41,5.8,18,0.56,10.1
4880,0,0,0,4.6,0.42,-0.4,-0.19,8,21,38.1,38,13,28.9,34.0,16,62.5,47.9,26,2,7.7,0,0.0,10.2
4888,0,3,1,34.1,0.28,5.1,0.2,101,298,33.9,724,134,26.9,32.7,224,46.0,41.7,440,34,7.7,25,0.96,11.5
4901,0,3,0,11.8,0.35,-0.2,-0.03,21,64,32.8,168,43,23.8,29.8,54,44.4,38.8,78,3,3.8,7,1.0,16.1
4911,0,0,0,1.1,0.13,0.1,0.13,3,6,50.0,36,6,13.9,26.8,8,12.5,27.3,8,0,0.0,0,0.0,8.5
4917,1,8,2,44.1,0.27,0.1,0.0,121,392,30.9,824,151,29.5,31.5,303,49.2,41.6,470,27,5.7,39,1.22,14.4
4940,1,1,0,3.8,0.35,-2.2,-1.1,5,16,31.3,34,8,26.5,32.7,17,41.2,38.2,35,1,2.9,0,0.0,6.8
4953,0,5,2,31.6,0.29,5.6,0.25,67,244,27.5,492,121,30.3,33.9,220,43.2,40.4,346,15,4.3,15,0.68,11.6
4963,0,6,1,20.6,0.32,-7.4,-0.62,27,91,29.7,234,61,25.2,29.6,90,35.6,36.3,136,0,0.0,23,1.92,20.3
4982,0,6,1,39.7,0.32,-2.3,-0.09,101,274,36.9,605,121,25.1,31.2,217,56.2,46.5,349,26,7.4,32,1.23,14.0
5005,0,2,0,4.0,0.34,0.0,0.0,17,51,33.3,147,37,20.4,29.9,40,52.5,43.7,81,6,7.4,10,2.09,14.9
5007,0,0,0,4.1,0.41,1.1,0.36,8,36,22.2,92,17,26.1,33.0,26,46.2,42.1,42,4,9.5,5,1.67,16.3
5012,0,1,0,3.3,0.48,0.3,1.4,0,0,0.0,5,0,0.0,16.0,1,0.0,23.0,1,1,100.0,1,5.29,7.3
5013,2,5,1,58.3,0.33,-2.7,-0.08,138,424,32.5,616,148,40.4,36.1,316,55.4,43.5,517,21,4.1,24,0.71,12.0
5043,0,3,2,38.6,0.4,2.6,0.13,94,267,35.2,380,82,42.6,37.3,187,56.1,44.3,343,17,5.0,19,0.95,12.4
5048,0,4,3,28.2,0.33,-2.8,-0.2,92,229,40.2,318,55,45.3,38.3,142,59.9,43.3,270,16,5.9,6,0.43,9.8
5070,2,4,1,46.2,0.31,-12.8,-0.46,121,317,38.2,663,104,28.5,29.7,232,55.2,42.4,466,19,4.1,36,1.3,15.1
5087,0,1,1,7.9,0.33,2.9,0.46,42,118,35.6,183,18,42.1,33.3,56,73.2,51.0,116,6,5.2,10,1.6,16.0
5099,0,6,0,50.2,0.33,-2.8,-0.11,170,442,38.5,547,131,44.4,37.9,258,77.1,55.6,455,22,4.8,14,0.54,10.8
5118,1,1,0,12.5,0.33,-3.5,-0.5,44,108,40.7,155,39,44.5,37.6,55,70.9,50.0,104,13,12.5,1,0.14,9.2
5127,0,0,0,2.6,0.24,-0.4,-0.4,10,24,41.7,14,0,85.7,54.5,13,92.3,60.1,21,0,0.0,0,0.0,4.5
5129,1,1,0,21.5,0.27,4.5,0.17,82,173,47.4,470,137,22.8,29.4,175,37.7,35.7,315,18,5.7,16,0.62,14.6
5152,0,0,0,2.3,0.47,-0.7,-0.67,6,8,75.0,25,7,24.0,26.8,11,18.2,25.7,15,2,13.3,1,1.0,12.7
5158,1,2,2,28.1,0.25,7.1,0.26,160,420,38.1,656,61,50.9,41.4,197,43.7,38.5,376,33,8.8,28,1.04,13.0
5193,0,2,0,15.1,0.21,6.1,0.28,192,450,42.7,414,62,67.1,46.2,194,88.7,60.5,251,38,15.1,7,0.32,10.9
5205,0,1,0,5.4,0.16,1.4,0.29,29,99,29.3,96,11,69.8,48.8,37,86.5,57.9,80,8,10.0,3,0.6,10.5
5223,2,0,0,17.1,0.25,0.1,0.0,78,254,30.7,414,51,41.3,37.3,150,55.3,44.1,347,18,5.2,8,0.44,11.4
5235,0,0,1,5.7,0.3,-2.3,-0.26,52,117,44.4,202,29,37.6,33.5,97,42.3,36.9,156,9,5.8,2,0.23,10.0
5250,0,1,1,17.5,0.22,-0.5,-0.02,104,286,36.4,481,123,37.4,34.6,203,52.2,43.7,350,22,6.3,11,0.44,12.7
5269,0,1,0,4.5,0.28,-0.5,-0.25,2,18,11.1,39,10,41.0,42.3,9,22.2,31.4,17,0,0.0,0,0.0,20.0
5281,2,5,0,22.3,0.25,6.3,0.3,104,250,41.6,593,74,30.0,33.6,213,33.8,36.8,405,27,6.7,11,0.52,11.1
5293,0,0,0,7.3,0.25,0.3,0.06,25,64,39.1,134,22,30.6,32.3,57,40.4,36.4,98,4,4.1,1,0.17,8.3
5311,0,3,2,28.9,0.28,10.9,0.48,78,220,35.5,459,108,32.2,33.8,163,44.2,39.3,269,16,5.9,12,0.52,11.8
5333,0,0,0,2.6,0.26,-1.4,-0.34,12,42,28.6,88,15,36.4,33.5,23,43.5,36.0,33,4,12.1,3,0.75,16.1
5348,0,4,0,24.9,0.24,1.9,0.08,146,312,46.8,418,87,48.1,40.5,218,50.9,41.4,410,17,4.1,7,0.3,10.8
5359,0,0,0,7.0,0.27,1.0,0.26,16,60,26.7,68,20,55.9,44.6,32,68.8,55.2,52,3,5.8,0,0.0,7.8
5370,0,5,1,34.2,0.29,5.2,0.2,217,469,46.3,564,47,57.8,44.3,228,62.7,47.1,316,18,5.7,17,0.65,12.6
5393,0,1,0,1.5,0.51,-0.5,-0.47,10,19,52.6,20,3,80.0,49.3,7,42.9,42.1,15,3,20.0,0,0.0,7.1
5407,1,1,0,12.6,0.27,-2.4,-0.17,49,109,45.0,333,45,23.7,28.8,90,33.3,30.5,160,3,1.9,20,1.43,17.1
5409,0,1,0,10.5,0.18,3.5,0.27,43,96,44.8,296,72,23.0,28.2,98,28.6,28.2,146,5,3.4,20,1.54,17.5
5424,1,2,1,30.2,0.24,4.2,0.16,161,408,39.5,426,77,58.5,43.3,253,62.8,46.4,448,21,4.7,6,0.22,10.4
5450,1,4,0,28.2,0.3,-1.8,-0.08,97,251,38.6,532,125,30.5,33.5,206,43.2,39.5,321,21,6.5,26,1.1,14.3
5473,0,1,0,5.3,0.36,0.3,0.1,14,42,33.3,68,15,39.7,34.5,30,50.0,40.9,49,3,6.1,5,1.52,16.9
5488,1,4,1,28.9,0.26,5.9,0.23,144,320,45.0,591,135,36.2,36.3,220,48.2,42.9,398,40,10.1,27,1.06,12.6
5510,0,0,0,1.8,0.22,-0.2,-0.16,19,30,63.3,39,7,53.8,41.8,11,81.8,51.3,25,2,8.0,0,0.0,13.8
5518,2,6,0,26.0,0.25,2.0,0.08,137,356,38.5,946,58,28.6,30.1,180,47.2,38.8,331,29,8.8,34,1.26,14.8
5552,0,4,1,27.8,0.27,4.8,0.2,133,393,33.8,572,93,46.2,39.6,194,66.5,49.5,365,27,7.4,36,1.5,15.3
5570,0,3,0,5.1,0.33,-0.9,-0.29,11,45,24.4,55,10,58.2,42.7,21,61.9,49.1,59,1,1.7,2,0.67,15.3
5580,0,5,0,28.4,0.27,0.4,0.02,150,368,40.8,724,59,42.8,36.9,134,43.3,38.6,329,30,9.1,28,1.12,15.4
5601,0,0,0,2.0,0.25,1.0,0.51,12,32,37.5,28,2,71.4,54.0,16,75.0,55.8,17,1,5.9,0,0.0,4.0
5608,0,0,0,21.8,0.28,3.8,0.17,117,355,33.0,432,75,52.5,41.8,196,65.3,51.6,363,28,7.7,27,1.23,16.6
5624,0,1,0,9.8,0.3,-1.2,-0.25,33,106,31.1,143,13,57.3,41.3,33,72.7,54.8,65,7,10.8,6,1.2,14.5
5643,1,2,0,23.6,0.27,3.6,0.22,98,255,38.4,351,47,53.6,40.4,119,56.3,42.2,233,17,7.3,10,0.59,12.2
5649,1,0,1,15.0,0.25,1.0,0.1,71,196,36.2,235,32,56.6,43.3,85,74.1,54.6,160,17,10.6,16,1.59,15.5
5665,0,3,0,25.6,0.22,7.6,0.36,161,394,40.9,253,30,72.7,49.6,235,89.4,62.9,385,13,3.4,13,0.62,14.2
5680,0,2,0,8.5,0.29,0.5,0.08,45,103,43.7,98,21,61.2,44.1,52,82.7,56.1,104,7,6.7,5,0.83,12.6
5702,0,1,0,19.0,0.27,4.0,0.25,63,186,33.9,256,63,44.1,37.6,144,50.7,40.9,250,12,4.8,11,0.69,12.6
5707,0,0,0,11.3,0.33,1.3,0.12,39,128,30.5,202,36,36.1,35.1,85,64.7,48.1,129,13,10.1,8,0.73,12.9
5723,0,6,1,30.0,0.27,-1.0,-0.04,123,330,37.3,396,81,49.0,39.8,206,66.0,49.5,385,14,3.6,9,0.33,11.9
5751,0,7,1,30.5,0.29,-3.5,-0.14,139,385,36.1,408,82,61.0,44.9,203,67.0,50.7,442,18,4.1,16,0.62,12.2
5779,0,0,0,3.0,0.28,0.0,-0.03,12,24,50.0,20,3,65.0,41.3,13,84.6,51.5,20,1,5.0,2,2.0,18.0
5795,0,2,1,24.1,0.28,4.1,0.23,102,362,28.2,306,62,64.1,46.5,195,85.1,60.3,319,25,7.8,22,1.22,14.6
5799,0,1,0,10.3,0.28,1.3,0.14,59,193,30.6,151,28,70.2,48.8,107,81.3,57.3,138,15,10.9,1,0.11,8.0
5812,1,9,1,31.4,0.27,0.4,0.01,103,387,26.6,461,81,54.9,41.5,217,61.8,46.6,349,28,8.0,27,1.0,14.7
5844,0,2,2,14.0,0.24,0.0,0.0,92,215,42.8,321,51,39.9,36.6,167,52.1,42.5,255,9,3.5,8,0.43,12.2
5858,0,2,0,11.3,0.28,0.3,0.03,38,88,43.2,140,34,44.3,37.6,56,46.4,39.5,108,2,1.9,3,0.35,12.8
5869,0,3,1,23.9,0.25,-1.1,-0.05,159,398,39.9,720,93,42.5,37.3,146,63.0,48.7,298,26,8.7,53,2.12,19.6
5894,0,1,0,2.6,0.32,-0.4,-0.21,17,36,47.2,50,7,46.0,37.9,18,72.2,55.4,40,2,5.0,2,1.0,12.5
5899,3,4,1,35.1,0.24,3.1,0.12,119,334,35.6,519,138,35.1,34.6,281,54.1,43.1,426,24,5.6,22,0.81,12.8
5927,3,2,1,34.8,0.24,1.8,0.07,149,418,35.6,646,104,44.0,38.6,259,51.7,42.4,457,31,6.8,30,1.11,13.7
5985,0,0,0,1.4,0.27,0.4,0.37,3,7,42.9,24,7,20.8,26.8,4,50.0,40.8,10,1,10.0,1,1.0,10.3
6012,0,4,1,36.2,0.27,-2.8,-0.07,149,386,38.6,938,124,33.2,32.0,164,45.7,37.7,550,44,8.0,28,0.74,12.5
6088,0,0,0,0.7,0.14,-1.3,-1.3,1,2,50.0,21,8,9.5,25.9,9,0.0,21.7,12,0,0.0,2,2.0,22.7
6121,2,5,1,43.0,0.26,3.0,0.08,208,577,36.0,1199,153,41.9,37.9,169,44.4,39.9,591,40,6.8,35,0.96,13.7
6136,0,3,0,13.2,0.29,2.2,0.23,78,184,42.4,334,51,38.0,33.2,83,68.7,47.9,150,12,8.0,19,2.0,18.6
6140,0,0,0,8.0,0.32,-1.0,-0.19,10,36,27.8,159,27,21.4,25.6,18,11.1,18.7,49,2,4.1,1,0.2,9.3
6144,1,11,0,46.9,0.28,-0.1,0.0,138,492,28.0,1443,198,26.8,30.1,218,48.2,40.9,589,32,5.4,57,1.24,14.7
6171,0,0,0,3.8,0.2,-0.2,-0.07,3,14,21.4,35,11,28.6,28.1,20,20.0,27.2,32,2,6.3,1,0.33,10.3
6180,0,0,0,3.2,0.22,1.2,0.59,6,15,40.0,44,11,20.5,28.8,11,54.5,40.6,25,2,8.0,2,1.0,14.2
6186,1,2,0,29.5,0.32,-3.5,-0.21,77,230,33.5,405,73,37.8,35.0,143,53.8,43.4,264,9,3.4,9,0.55,13.5
6200,1,2,3,22.6,0.27,-3.4,-0.23,92,306,30.1,326,38,63.8,45.4,139,70.5,52.6,253,4,1.6,15,1.0,14.5
6213,0,2,0,8.1,0.37,0.1,0.03,24,86,27.9,90,11,60.0,44.8,43,74.4,54.6,78,4,5.1,3,0.6,16.2
6238,0,5,0,55.2,0.33,3.2,0.08,206,504,40.9,979,202,34.2,34.1,299,56.5,44.4,573,53,9.2,46,1.1,13.9
6249,0,0,1,7.3,0.21,-2.7,-0.27,55,186,29.6,211,35,51.2,40.3,89,87.6,61.1,164,12,7.3,11,1.1,15.1
6250,0,0,2,30.1,0.26,4.1,0.16,88,237,37.1,453,131,35.1,34.5,163,47.9,39.5,315,22,7.0,21,0.8,13.2
6262,0,6,1,51.4,0.28,5.4,0.15,168,468,35.9,1801,161,23.2,28.9,153,33.3,31.6,588,32,5.4,24,0.65,12.4
6272,0,0,0,5.0,0.45,2.0,1.96,1,6,16.7,43,2,11.6,22.8,4,25.0,24.5,13,0,0.0,3,3.0,15.7
6273,0,5,0,22.0,0.29,-1.0,-0.06,73,194,37.6,502,37,31.5,32.0,77,46.8,37.3,230,8,3.5,10,0.61,13.2
6279,2,2,0,15.8,0.24,2.8,0.15,62,176,35.2,535,105,26.5,30.5,83,41.0,38.5,232,19,8.2,15,0.83,11.1
6280,0,0,0,2.5,0.38,1.5,1.51,9,20,45.0,35,2,42.9,38.5,12,41.7,36.1,17,0,0.0,0,0.0,15.0
6281,0,0,0,3.1,0.35,0.1,0.05,12,27,44.4,80,0,33.8,31.3,3,0.0,18.3,21,0,0.0,7,4.92,19.5
6299,0,0,0,0.4,0.11,0.4,0.44,1,1,100.0,19,5,5.3,21.8,5,0.0,17.0,18,2,11.1,0,0.0,7.8
6309,0,6,1,33.5,0.25,5.5,0.17,133,298,44.6,705,173,28.2,31.4,268,36.9,35.8,540,17,3.1,15,0.45,11.3
6313,0,1,1,18.8,0.23,-2.2,-0.16,64,200,32.0,257,49,50.6,40.3,117,59.8,47.9,187,12,6.4,8,0.59,11.8
6322,0,3,0,37.9,0.31,-7.1,-0.3,54,157,34.4,528,124,19.5,26.7,205,26.3,27.0,360,15,4.2,24,1.0,13.6
6337,0,6,1,51.6,0.32,4.6,0.12,141,399,35.3,1296,161,24.5,28.9,181,45.3,39.1,598,35,5.9,55,1.4,14.8
6346,1,6,1,41.0,0.28,0.0,0.0,192,488,39.3,786,116,43.3,36.3,231,64.1,47.9,517,31,6.0,37,1.09,12.5
6351,0,6,2,53.6,0.32,3.6,0.08,142,400,35.5,1288,249,24.1,28.8,211,42.7,37.5,505,35,6.9,35,0.78,14.3
6384,1,5,2,46.2,0.26,4.2,0.13,183,565,32.4,623,112,57.6,41.2,281,73.3,49.2,524,28,5.3,7,0.22,9.7
6410,1,3,1,36.8,0.34,2.8,0.12,142,344,41.3,772,105,36.5,34.1,176,35.2,33.3,358,25,7.0,28,1.21,13.9
6426,0,9,1,48.3,0.27,-7.7,-0.17,199,600,33.2,1148,242,37.8,35.2,315,52.7,43.0,629,49,7.8,24,0.53,12.2
6442,1,6,2,34.6,0.27,-1.4,-0.06,94,352,26.7,750,133,32.9,32.2,224,46.9,38.8,327,20,6.1,56,2.18,17.6
6469,0,1,0,21.4,0.33,0.4,0.03,88,227,38.8,231,47,60.2,41.8,99,88.9,58.8,176,7,4.0,15,1.07,16.4
6470,1,6,1,18.3,0.28,-0.7,-0.05,46,119,38.7,285,51,30.5,31.8,86,37.2,36.2,164,5,3.0,9,0.69,14.2
6482,1,2,1,28.9,0.29,1.9,0.1,43,147,29.3,683,85,18.4,28.4,51,41.2,37.6,259,11,4.2,21,1.11,14.3
6495,0,4,1,21.3,0.31,-3.7,-0.21,47,166,28.3,475,125,26.5,29.8,143,28.0,32.0,246,13,5.3,10,0.56,12.5
6505,1,6,1,43.0,0.3,-7.0,-0.2,253,562,45.0,883,119,44.6,37.2,246,68.3,46.5,489,26,5.3,82,2.28,17.4
6506,0,0,0,1.6,0.22,-1.4,-1.45,1,5,20.0,18,7,22.2,28.1,10,10.0,23.6,22,1,4.5,1,1.0,13.5
6511,0,1,0,3.3,0.21,-3.7,-0.92,19,49,38.8,82,15,42.7,39.6,26,53.8,55.0,47,1,2.1,3,0.75,15.2
6512,0,6,0,32.8,0.35,-1.2,-0.05,116,324,35.8,435,101,44.1,37.4,191,69.1,50.4,343,23,6.7,23,0.92,13.5
6523,2,4,1,60.6,0.33,6.6,0.18,247,595,41.5,1098,177,39.1,34.5,251,66.1,48.0,579,45,7.8,52,1.44,13.4
6529,0,0,0,3.1,0.24,1.1,0.27,11,32,34.4,99,20,28.3,30.0,25,16.0,24.3,65,5,7.7,4,1.0,13.2
6544,0,1,0,34.2,0.33,-4.8,-0.18,149,330,45.2,747,108,31.6,32.5,216,43.5,36.2,376,22,5.9,28,1.04,14.3
6547,0,9,1,55.9,0.3,1.9,0.06,138,440,31.4,1097,166,25.9,30.0,298,52.3,42.5,521,32,6.1,32,0.94,13.6
6548,1,3,3,30.9,0.23,0.9,0.03,118,310,38.1,766,125,26.6,29.8,242,43.8,37.4,392,18,4.6,37,1.32,15.6
6579,2,5,2,34.0,0.26,-4.0,-0.12,90,287,31.4,509,135,30.8,33.4,235,55.3,40.6,509,19,3.7,19,0.58,12.8
6594,2,3,0,47.9,0.29,5.9,0.17,180,464,38.8,874,184,35.1,33.4,265,59.2,43.7,512,42,8.2,20,0.59,10.0
6604,0,2,0,8.8,0.22,-1.2,-0.13,44,105,41.9,251,35,33.1,33.4,62,35.5,31.7,128,4,3.1,6,0.67,13.8
6624,0,0,0,1.9,0.48,0.9,0.92,3,17,17.6,53,8,26.4,30.4,5,60.0,46.2,9,2,22.2,6,6.0,23.2
6649,1,3,2,21.1,0.32,-4.9,-0.27,108,286,37.8,634,81,37.1,33.3,99,51.5,42.2,244,19,7.8,25,1.39,16.4
6658,0,12,0,45.1,0.27,-9.9,-0.29,176,505,34.9,948,116,36.6,35.2,304,52.0,43.5,467,21,4.5,38,1.12,15.1
6661,0,3,0,28.8,0.32,-1.2,-0.07,67,171,39.2,568,111,25.4,29.3,100,27.0,32.4,306,19,6.2,8,0.44,10.3
6662,0,6,2,68.5,0.31,5.5,0.12,222,779,28.5,1897,259,31.8,31.3,326,53.7,42.7,595,35,5.9,64,1.39,16.3
6667,0,5,0,39.3,0.3,1.3,0.06,93,251,37.1,460,80,35.4,33.1,185,47.6,40.4,378,12,3.2,17,0.76,12.8
6673,0,6,2,37.0,0.34,0.0,0.0,198,662,29.9,808,104,59.8,43.1,201,89.1,61.2,329,10,3.0,72,2.12,20.7
6676,0,2,0,13.3,0.29,-0.7,-0.07,39,128,30.5,279,34,34.4,32.5,75,42.7,36.1,125,3,2.4,4,0.4,12.5
6687,2,1,1,43.7,0.31,0.7,0.02,195,464,42.0,541,121,51.0,40.6,273,68.9,52.0,380,22,5.8,23,0.79,13.4
6737,0,1,0,12.2,0.31,1.2,0.16,42,133,31.6,194,46,40.7,34.8,79,68.4,48.1,152,6,3.9,4,0.52,10.8
6749,0,0,0,4.0,0.25,1.0,0.24,12,38,31.6,81,15,22.2,28.9,46,43.5,38.7,80,5,6.3,4,0.97,12.0
6752,0,4,0,22.9,0.31,-7.1,-0.48,58,197,29.4,552,73,29.3,32.1,84,41.7,38.4,232,11,4.7,20,1.36,14.5
6758,0,0,0,0.1,0.06,0.1,5.49,0,1,0.0,2,0,50.0,36.0,0,0.0,0.0,0,0,0.0,0,0.0,0.0
6764,1,5,2,43.5,0.27,1.5,0.05,111,342,32.5,551,127,39.6,35.0,232,53.4,41.1,436,25,5.7,30,1.02,13.7
6774,0,13,0,48.8,0.26,-4.2,-0.1,293,870,33.7,1181,142,53.6,43.3,308,76.9,57.8,700,50,7.1,48,1.17,14.4
6783,0,0,0,8.5,0.35,0.5,0.11,20,45,44.4,77,20,37.7,33.5,43,37.2,33.8,71,4,5.6,4,1.0,11.4
6787,0,1,0,3.5,0.52,-0.5,-0.34,9,11,81.8,37,5,27.0,30.4,9,11.1,23.8,28,0,0.0,2,1.33,21.0
6807,1,7,2,43.9,0.34,-0.1,0.0,107,439,24.4,860,145,40.3,37.0,204,45.1,39.7,459,20,4.4,16,0.59,12.0
6832,0,0,1,9.2,0.23,-1.8,-0.14,86,205,42.0,329,37,45.0,39.3,89,64.0,48.4,168,16,9.5,7,0.55,12.0
6878,0,0,0,0.9,0.12,-0.1,-0.02,22,55,40.0,54,5,74.1,49.2,17,88.2,63.0,34,2,5.9,2,0.69,13.8
6883,1,4,0,35.3,0.29,7.3,0.34,72,182,39.6,339,85,33.9,33.0,188,35.6,31.9,323,12,3.7,15,0.69,13.0
6891,2,6,2,32.9,0.29,2.9,0.11,80,319,25.1,1042,143,26.2,30.4,78,59.0,46.5,321,17,5.3,56,2.07,17.1
6904,0,3,1,26.5,0.3,0.5,0.02,79,191,41.4,1000,56,13.2,22.6,146,40.4,34.5,277,14,5.1,24,1.2,15.8
6905,1,2,0,19.6,0.35,-2.4,-0.13,69,299,23.1,507,70,43.8,38.5,114,67.5,51.5,224,19,8.5,26,1.44,14.7
6912,1,2,2,13.4,0.25,-2.6,-0.16,59,140,42.1,782,93,15.2,24.2,61,34.4,33.3,159,12,7.5,34,2.13,18.8
6959,0,5,0,25.6,0.32,-3.4,-0.18,125,324,38.6,524,56,49.0,40.3,125,53.6,44.3,262,15,5.7,32,1.69,15.1
6962,0,0,0,4.3,0.37,0.3,0.15,18,54,33.3,48,3,68.8,46.8,22,95.5,61.7,32,1,3.1,4,2.0,17.4
6985,0,0,0,1.8,0.25,-0.2,-0.1,10,25,40.0,51,9,29.4,29.4,20,50.0,35.8,44,3,6.8,4,1.75,13.3
6993,0,8,1,39.7,0.3,-2.3,-0.08,101,298,33.9,649,119,28.5,30.6,277,40.8,37.0,449,7,1.6,23,0.77,15.5
7028,0,3,0,14.9,0.29,-1.1,-0.12,77,192,40.1,266,36,47.7,38.3,99,65.7,49.9,130,6,4.6,11,1.22,15.8
7029,0,1,0,9.9,0.31,1.9,0.21,38,121,31.4,249,37,34.5,33.5,72,48.6,40.6,125,11,8.8,6,0.65,14.3
7049,2,2,0,28.0,0.22,2.0,0.05,211,684,30.8,725,107,55.0,42.9,332,85.8,61.0,578,37,6.4,29,0.74,12.4
7073,0,1,0,16.8,0.3,0.8,0.08,25,68,36.8,205,49,24.9,30.0,100,17.0,22.1,160,3,1.9,1,0.1,9.1
7080,1,0,0,3.4,0.24,-0.6,-0.28,34,67,50.7,59,5,71.2,45.7,26,96.2,62.7,29,1,3.4,3,1.51,14.5
7108,2,4,1,54.9,0.29,1.9,0.06,169,472,35.8,2262,149,19.1,28.1,172,23.3,28.2,439,24,5.5,54,1.59,16.6
7111,2,4,3,39.6,0.28,7.6,0.21,195,566,34.5,1085,185,39.7,36.3,226,59.7,46.3,455,44,9.7,39,1.05,13.3
7115,0,3,1,49.9,0.31,6.9,0.2,178,478,37.2,1055,147,31.2,31.6,236,63.1,45.4,630,36,5.7,30,0.9,12.0
7117,1,9,3,48.0,0.28,-2.0,-0.06,120,390,30.8,888,158,32.2,33.7,252,41.3,35.7,399,36,9.0,28,0.85,12.6
7141,0,3,0,12.4,0.28,-2.6,-0.26,61,155,39.4,243,57,39.5,35.3,100,59.0,45.5,142,6,4.2,5,0.5,12.4
7155,0,1,0,2.8,0.25,0.8,0.41,5,20,25.0,58,14,32.8,32.7,9,11.1,21.6,16,3,18.8,5,2.68,16.7
7186,0,0,0,0.5,0.06,-0.5,-0.27,6,17,35.3,34,6,35.3,34.7,8,62.5,48.6,20,2,10.0,0,0.0,11.5
7189,1,4,1,39.1,0.24,-3.9,-0.11,189,436,43.3,744,139,40.6,36.1,235,57.0,43.5,480,32,6.7,27,0.77,13.5
7199,0,0,0,1.7,0.19,0.7,0.36,10,27,37.0,45,12,37.8,34.4,17,58.8,47.1,25,1,4.0,1,0.5,10.0
7201,0,0,0,1.9,0.19,-1.1,-0.37,7,19,36.8,73,10,19.2,29.5,21,23.8,26.1,32,1,3.1,7,2.33,19.2
7220,1,4,2,31.4,0.27,1.4,0.05,220,489,45.0,593,47,61.7,44.0,150,82.0,53.3,409,30,7.3,17,0.64,11.7
7249,1,8,1,39.3,0.28,0.3,0.01,291,734,39.6,792,76,66.8,44.2,215,95.3,60.0,498,42,8.4,47,1.24,14.2
7252,0,1,1,1.6,0.24,-0.4,-0.28,5,19,26.3,29,5,55.2,37.8,10,30.0,30.8,23,2,8.7,3,2.33,16.5
7290,1,1,1,36.2,0.26,5.2,0.16,205,424,48.3,1188,173,27.2,31.0,173,58.4,46.8,424,41,9.7,38,1.19,14.3
7293,1,5,2,56.7,0.3,1.7,0.04,137,372,36.8,1219,168,25.3,29.5,211,29.9,30.7,512,16,3.1,44,1.16,15.7
7300,1,1,0,24.9,0.32,-4.1,-0.25,80,266,30.1,395,74,40.8,36.9,138,76.1,56.3,224,9,4.0,7,0.44,13.2
7304,0,1,0,9.2,0.39,-1.8,-0.3,14,35,40.0,133,33,16.5,24.3,45,28.9,31.6,69,4,5.8,4,0.67,15.6
7310,0,1,0,3.6,0.19,0.6,0.2,16,40,40.0,83,16,31.3,32.8,17,82.4,50.8,44,4,9.1,3,1.0,11.3
7315,0,2,0,6.3,0.26,1.3,0.22,25,100,25.0,166,26,42.8,37.8,58,50.0,43.5,85,1,1.2,15,2.5,21.0
7316,0,5,2,39.3,0.32,0.3,0.01,153,446,34.3,453,49,58.1,45.9,237,77.2,60.0,412,24,5.8,7,0.29,11.0
7394,0,6,1,29.7,0.3,-2.3,-0.08,101,284,35.6,645,121,31.6,31.7,174,46.0,39.3,365,24,6.6,22,0.79,14.0
7396,1,5,0,26.3,0.28,3.3,0.23,87,278,31.3,264,31,64.8,46.7,128,83.6,57.8,244,11,4.5,4,0.28,9.6
7405,1,3,0,46.4,0.27,-2.6,-0.07,124,409,30.3,1089,148,29.1,30.6,232,39.7,35.0,587,42,7.2,27,0.73,13.3
7419,0,0,0,0.1,0.09,0.1,1.4,0,3,0.0,2,0,100.0,62.0,1,100.0,61.0,7,1,14.3,0,0.0,5.0
7434,0,3,1,39.8,0.31,0.8,0.02,161,515,31.3,782,152,45.4,37.8,197,81.2,56.9,461,28,6.1,71,2.12,18.3
7437,0,6,1,36.8,0.28,-0.2,-0.01,227,573,39.6,1795,128,27.1,31.0,183,47.0,42.9,492,45,9.1,66,2.0,16.5
7443,1,6,0,52.1,0.29,2.1,0.06,218,600,36.3,862,125,47.6,37.3,290,65.5,49.1,555,30,5.4,36,1.06,13.5
7452,1,4,0,33.5,0.23,-0.5,-0.02,111,326,34.0,528,136,37.9,33.4,241,52.3,38.7,488,20,4.1,6,0.21,7.5
7492,0,3,1,17.2,0.29,-1.8,-0.11,93,286,32.5,359,38,57.7,40.5,97,81.4,50.0,233,14,6.0,21,1.24,13.7
7495,0,5,2,61.8,0.31,0.8,0.02,283,975,29.0,1061,168,60.2,44.6,375,89.6,62.1,630,29,4.6,54,1.23,15.6
7541,0,6,0,29.2,0.21,9.2,0.29,159,415,38.3,956,163,34.6,33.0,219,38.4,34.1,516,38,7.4,35,1.09,14.2
7542,0,5,0,42.1,0.28,-11.9,-0.29,163,360,45.3,1771,234,18.8,25.7,166,16.3,24.4,487,16,3.3,61,1.49,19.3
7543,0,1,0,11.5,0.35,-2.5,-0.38,30,76,39.5,131,27,33.6,34.2,51,62.7,48.0,94,5,5.3,11,1.69,14.0
7551,1,0,0,2.6,0.33,-2.4,-1.03,22,46,47.8,59,8,52.5,38.9,21,71.4,51.0,34,2,5.9,1,0.43,8.7
7563,0,2,1,12.1,0.26,-2.9,-0.43,10,74,13.5,191,23,29.8,32.4,33,51.5,44.8,86,5,5.8,1,0.15,9.8
7564,0,2,0,12.0,0.27,0.0,0.0,36,88,40.9,203,25,32.0,32.9,53,43.4,40.1,80,3,3.8,1,0.14,11.3
7585,0,1,0,0.9,0.21,-0.1,-0.15,3,9,33.3,29,6,31.0,29.5,1,0.0,30.0,16,1,6.3,1,1.0,12.8
7590,0,12,1,42.7,0.28,-3.3,-0.09,300,716,41.9,961,136,52.8,39.8,320,65.3,45.8,614,49,8.0,24,0.65,12.0
7593,0,0,0,10.3,0.24,-0.7,-0.08,45,122,36.9,170,47,37.6,32.6,82,70.7,49.3,165,20,12.1,5,0.57,10.8
7600,0,1,0,7.4,0.25,0.4,0.05,26,70,37.1,231,40,24.7,30.5,42,31.0,34.1,97,7,7.2,3,0.38,9.7
7601,1,1,0,14.9,0.27,-4.1,-0.45,35,133,26.3,151,30,55.6,43.5,76,64.5,50.3,139,6,4.3,6,0.67,13.4
7639,0,2,0,7.1,0.31,-2.9,-0.74,27,69,39.1,118,27,38.1,33.5,34,70.6,49.6,46,3,6.5,16,4.0,19.3
7650,1,3,1,32.1,0.26,6.1,0.31,161,392,41.1,384,55,58.9,44.3,208,79.8,57.3,311,14,4.5,6,0.3,11.0
7722,0,3,1,48.5,0.33,1.5,0.05,178,433,41.1,793,147,33.0,33.9,269,63.6,49.6,482,31,6.4,19,0.67,13.0
7738,1,1,0,5.1,0.27,0.1,0.03,16,37,43.2,44,8,50.0,35.6,30,50.0,43.6,40,1,2.5,1,0.37,8.4
7748,0,0,1,7.3,0.26,2.3,0.33,46,125,36.8,119,19,63.9,45.7,69,71.0,50.7,135,15,11.1,4,0.57,10.6
7781,1,4,2,43.8,0.3,2.8,0.09,147,385,38.2,733,179,34.5,34.3,235,56.2,46.4,510,42,8.2,19,0.59,11.4
7791,0,8,2,34.9,0.29,-3.1,-0.07,98,397,24.7,1732,193,19.0,27.3,160,42.5,41.1,489,24,4.9,50,1.15,12.9
7831,0,3,0,11.9,0.36,-0.1,-0.02,30,72,41.7,229,42,20.1,27.8,57,45.6,38.1,120,8,6.7,6,0.71,12.2
7855,0,2,0,16.4,0.3,1.4,0.11,51,143,35.7,240,53,41.3,36.1,100,44.0,36.9,173,12,6.9,2,0.16,8.5
7857,0,3,1,20.5,0.3,2.5,0.18,77,241,32.0,423,84,42.1,37.4,104,60.6,48.0,239,16,6.7,10,0.71,12.7
7881,0,1,0,1.6,0.16,-0.4,-0.23,4,29,13.8,45,7,42.2,35.7,15,66.7,46.5,15,0,0.0,2,1.29,15.0
7884,0,0,0,3.9,0.3,-0.1,-0.07,5,16,31.3,45,12,26.7,32.9,18,22.2,31.3,26,1,3.8,2,1.0,17.3
7915,1,4,1,30.5,0.33,-1.5,-0.06,169,481,35.1,707,74,52.8,40.6,172,62.8,49.7,333,10,3.0,17,0.71,13.5
7926,0,0,0,0.6,0.14,0.6,0.28,2,15,13.3,72,10,16.7,24.9,6,50.0,47.2,31,2,6.5,0,0.0,10.0
7932,0,4,1,22.7,0.31,-0.3,-0.02,92,333,27.6,599,78,41.1,35.3,134,64.9,49.4,262,14,5.3,23,1.21,16.2
7938,0,1,0,4.8,0.4,-0.2,-0.11,4,12,33.3,45,9,22.2,25.4,19,10.5,22.3,23,0,0.0,2,1.05,11.4
7959,0,0,0,3.7,0.55,-0.3,-0.26,0,3,0.0,39,5,7.7,24.4,5,0.0,26.2,11,0,0.0,2,2.0,17.4
7971,0,5,0,20.2,0.28,-6.8,-0.49,133,304,43.8,593,62,39.5,35.3,124,56.5,44.8,218,5,2.3,19,1.36,19.7
8030,0,4,1,51.7,0.35,9.7,0.32,162,461,35.1,896,158,39.4,34.8,180,60.0,44.9,498,47,9.4,32,1.07,12.1
8060,1,5,1,28.6,0.25,0.6,0.02,127,343,37.0,511,90,44.0,37.3,198,59.6,45.4,371,21,5.7,23,0.92,14.1
8062,0,4,1,32.9,0.28,-2.1,-0.07,102,301,33.9,770,149,30.4,31.4,192,34.9,32.6,420,13,3.1,18,0.62,13.0
8085,1,5,1,61.3,0.28,-5.7,-0.17,179,404,44.3,970,167,26.0,30.5,346,43.9,40.4,541,29,5.4,15,0.44,12.1
8086,0,3,0,44.9,0.29,3.9,0.14,175,438,40.0,708,107,39.0,36.9,251,64.5,48.8,474,19,4.0,12,0.41,9.8
8100,0,1,0,5.8,0.28,-2.2,-0.45,21,62,33.9,137,17,28.5,30.4,31,74.2,48.8,76,1,1.3,11,2.28,22.6
8105,0,0,0,15.3,0.31,-0.7,-0.08,30,59,50.8,180,46,20.6,28.2,75,29.3,32.4,132,4,3.0,12,1.33,17.7
8106,0,3,0,10.6,0.27,3.6,0.25,36,141,25.5,376,86,28.2,31.5,68,51.5,45.4,186,30,16.1,23,1.64,13.7
8116,0,1,1,8.0,0.26,-4.0,-0.52,34,88,38.6,100,25,45.0,38.9,66,65.2,47.7,88,4,4.5,1,0.13,9.1
8126,0,0,0,1.9,0.32,0.9,0.91,4,17,23.5,44,5,31.8,33.5,3,100.0,71.3,23,2,8.7,0,0.0,6.0
8128,0,4,1,33.8,0.23,3.8,0.12,186,485,38.4,703,142,47.5,37.2,257,58.8,42.9,423,44,10.4,19,0.59,13.5
8142,0,1,0,14.4,0.33,0.4,0.04,45,123,36.6,297,42,33.0,32.7,68,36.8,36.5,120,2,1.7,29,2.64,19.5
8149,0,4,0,32.5,0.3,1.5,0.06,98,280,35.0,492,115,40.0,35.0,175,47.4,38.3,320,15,4.7,23,0.92,15.2
8151,0,0,0,7.0,0.35,0.0,-0.01,17,43,39.5,92,21,28.3,31.5,30,56.7,40.5,54,2,3.7,7,1.4,16.9
8152,1,8,2,57.1,0.28,-2.9,-0.07,301,838,35.9,1251,259,46.6,38.2,371,68.7,49.9,681,79,11.6,46,1.05,13.8
8158,0,10,0,41.1,0.29,5.1,0.16,240,695,34.5,1219,146,48.2,38.0,176,60.8,44.1,460,64,13.9,49,1.53,14.2
8160,0,8,2,53.0,0.27,0.0,0.0,110,365,30.1,676,220,35.9,34.3,370,33.0,30.9,759,31,4.1,40,0.95,12.8
8167,1,4,0,30.3,0.31,6.3,0.4,90,310,29.0,415,76,51.3,40.4,143,67.8,52.4,286,28,9.8,12,0.75,11.3
8174,0,6,0,53.3,0.34,5.3,0.16,179,470,38.1,1503,160,29.0,31.3,149,22.8,30.4,364,32,8.8,90,2.73,20.0
8176,1,2,2,39.9,0.32,-4.1,-0.18,65,167,38.9,622,138,20.1,26.7,155,27.1,28.9,342,12,3.5,32,1.41,14.9
8185,1,3,0,13.8,0.33,-1.2,-0.13,23,70,32.9,185,48,28.6,30.6,55,30.9,31.5,103,9,8.7,7,0.76,11.7
8196,0,3,3,43.7,0.29,-0.3,-0.01,134,380,35.3,868,182,30.5,31.4,246,46.7,37.1,376,14,3.7,53,1.65,17.7
8225,0,3,0,27.8,0.27,5.8,0.19,102,299,34.1,834,154,24.7,30.5,190,48.9,41.7,326,19,5.8,37,1.19,14.6
8294,1,2,1,46.5,0.33,1.5,0.05,150,342,43.9,635,87,36.9,35.0,193,56.0,44.5,314,16,5.1,23,0.84,14.6
8301,1,2,0,9.5,0.26,-0.5,-0.08,35,79,44.3,150,26,32.0,32.1,58,53.4,43.4,77,2,2.6,4,0.62,12.8
8304,0,0,0,3.2,0.4,-0.8,-0.42,4,17,23.5,35,10,20.0,30.5,23,43.5,42.8,23,1,4.3,1,0.5,13.3
8323,0,1,0,18.9,0.22,0.9,0.05,64,178,36.0,435,80,25.1,30.8,123,56.1,47.4,224,18,8.0,13,0.72,12.2
8362,0,0,0,0.2,0.06,0.0,0.0,6,17,35.3,27,3,48.1,41.4,9,44.4,39.1,15,0,0.0,0,0.0,10.5
8366,1,8,0,43.0,0.27,5.0,0.13,284,721,39.4,937,159,53.6,40.8,300,73.0,54.4,565,43,7.6,40,1.02,14.9
8385,0,8,0,54.0,0.32,0.0,0.0,150,449,33.4,982,115,36.4,33.5,163,56.4,44.3,403,43,10.7,29,0.98,13.2
8389,0,3,0,6.5,0.23,-2.5,-0.61,25,65,38.5,101,14,50.5,36.3,22,63.6,43.5,49,4,8.2,4,1.0,13.7
8399,0,6,2,39.1,0.23,1.1,0.03,198,466,42.5,759,159,36.9,35.2,308,60.4,48.2,469,38,8.1,53,1.56,15.4
8420,0,0,0,1.8,0.22,-2.2,-1.11,15,35,42.9,98,12,34.7,33.1,8,12.5,29.9,24,2,8.3,6,3.0,16.8
8463,0,0,0,1.8,0.37,-1.2,-0.83,5,11,45.5,51,6,19.6,29.1,8,12.5,31.6,24,0,0.0,0,0.0,12.8
8464,0,4,1,29.8,0.27,-2.2,-0.1,80,258,31.0,765,108,24.7,30.3,166,41.6,38.8,326,14,4.3,25,1.14,15.0
8469,0,0,0,2.0,0.28,0.0,-0.03,10,23,43.5,45,2,48.9,39.8,1,100.0,68.0,12,2,16.7,2,2.0,12.7
8476,0,0,0,2.9,0.36,-1.1,-0.56,22,51,43.1,31,1,87.1,53.2,24,100.0,59.8,38,0,0.0,0,0.0,0.0
8498,0,2,0,16.7,0.26,-3.3,-0.25,29,115,25.2,317,49,24.3,29.9,82,46.3,41.8,125,5,4.0,4,0.3,11.0
8520,0,0,0,13.7,0.29,-0.3,-0.02,53,132,40.2,597,67,15.9,26.0,120,30.8,32.9,177,10,5.6,34,2.0,17.4
8566,2,3,1,36.5,0.3,4.5,0.19,129,378,34.1,820,89,38.4,35.3,159,39.6,36.3,288,15,5.2,40,1.67,16.2
8568,0,0,0,0.0,0.02,0.0,0.02,3,10,30.0,24,3,25.0,30.4,7,57.1,43.3,5,0,0.0,0,0.0,0.0
8605,1,0,0,12.4,0.29,1.4,0.2,29,81,35.8,217,42,29.5,31.4,52,32.7,30.7,108,7,6.5,5,0.71,11.9
8624,1,7,0,34.5,0.32,1.5,0.04,230,686,33.5,1223,184,45.1,38.2,209,64.1,49.7,580,54,9.3,50,1.38,16.1
8630,2,7,2,58.8,0.35,-3.2,-0.09,219,679,32.3,941,185,53.8,40.9,286,60.5,45.9,512,23,4.5,37,1.01,15.3
8633,2,9,1,28.7,0.24,-7.3,-0.49,129,306,42.2,424,59,49.8,38.5,133,71.4,52.6,274,15,5.5,9,0.6,12.1
8644,0,0,0,0.0,0.0,0.0,0.0,0,1,0.0,4,0,25.0,28.5,0,0.0,0.0,1,0,0.0,0,0.0,0.0
8647,1,1,0,10.5,0.37,-1.5,-0.22,21,54,38.9,176,30,23.9,27.1,27,44.4,37.1,93,7,7.5,5,0.71,13.2
8649,0,0,0,2.0,0.17,1.0,0.74,5,23,21.7,38,4,52.6,38.0,14,21.4,25.1,37,1,2.7,1,0.73,9.2
8650,0,4,0,43.1,0.25,4.1,0.1,146,376,38.8,969,157,28.8,31.7,284,34.2,34.5,544,32,5.9,39,0.93,15.0
8656,0,5,1,31.7,0.3,-3.3,-0.16,39,166,23.5,642,128,15.6,24.5,178,37.1,33.2,285,18,6.3,24,1.18,14.4
8689,0,4,0,19.9,0.26,-5.1,-0.29,81,181,44.8,441,105,30.6,31.6,131,35.1,35.8,255,20,7.8,20,1.11,14.8
8696,0,0,0,1.3,0.26,0.3,0.29,7,17,41.2,33,9,36.4,34.3,9,55.6,47.7,16,2,12.5,0,0.0,7.0
8700,0,2,0,6.9,0.22,-2.1,-0.25,41,105,39.0,166,31,42.8,35.3,62,54.8,39.5,130,10,7.7,0,0.0,9.1
8727,0,0,0,0.0,0.0,0.0,0.0,0,6,0.0,4,0,75.0,42.0,3,100.0,71.3,2,0,0.0,0,0.0,0.0
8736,0,6,0,23.9,0.23,-1.1,-0.04,115,265,43.4,554,93,30.5,30.5,206,46.6,37.6,419,19,4.5,15,0.6,11.5
8738,0,1,0,3.9,0.28,0.9,0.3,17,36,47.2,55,10,41.8,31.2,19,68.4,48.9,32,0,0.0,0,0.0,12.0
8754,1,5,2,54.0,0.29,8.0,0.19,230,596,38.6,1485,171,28.5,31.0,247,70.0,51.8,581,45,7.7,62,1.48,15.7
8756,0,1,0,13.6,0.26,1.6,0.12,117,258,45.3,255,36,52.9,42.0,148,83.1,59.4,219,15,6.8,4,0.31,10.5
8787,0,5,1,26.9,0.27,-3.1,-0.13,79,253,31.2,915,96,20.3,28.0,177,37.9,37.3,312,10,3.2,13,0.54,12.4
8789,0,0,0,2.9,0.26,0.9,0.43,8,18,44.4,101,18,13.9,25.2,9,44.4,32.7,28,2,7.1,1,0.5,12.5
8798,1,1,0,7.2,0.25,-3.8,-0.55,14,62,22.6,116,19,37.1,33.5,65,29.2,26.3,104,2,1.9,5,0.71,12.6
8811,1,1,0,29.6,0.32,7.6,0.27,110,302,36.4,618,95,34.6,35.2,209,42.1,37.0,395,17,4.3,11,0.39,11.8
8816,0,0,0,12.7,0.31,0.7,0.18,17,69,24.6,104,22,45.2,37.5,40,55.0,45.7,66,5,7.6,3,0.75,12.3
8852,0,3,4,29.6,0.24,4.6,0.16,127,389,32.6,788,115,35.0,33.3,213,53.1,40.7,407,12,2.9,35,1.2,15.9
8856,1,8,1,45.7,0.3,5.7,0.13,126,404,31.2,2076,212,17.8,25.9,105,33.3,32.8,461,29,6.3,77,1.75,18.8
8877,1,5,2,40.7,0.27,-1.3,-0.04,284,659,43.1,810,109,57.0,40.3,245,80.4,51.0,580,53,9.1,28,0.78,11.5
8900,1,4,1,27.3,0.26,-1.7,-0.08,114,289,39.4,523,93,38.2,34.2,153,58.2,45.5,385,20,5.2,16,0.76,12.9
8908,0,0,0,1.2,0.2,0.2,0.23,4,11,36.4,37,2,24.3,28.3,10,20.0,28.2,22,0,0.0,0,0.0,15.0
8940,1,0,0,6.3,0.29,-2.7,-0.5,16,50,32.0,103,40,24.3,29.7,45,55.6,40.9,67,9,13.4,3,0.56,10.2
8973,1,2,0,7.3,0.31,-1.7,-0.42,16,34,47.1,120,17,22.5,27.7,22,31.8,32.5,56,6,10.7,3,0.75,12.3
8975,0,2,1,36.6,0.34,7.6,0.37,155,413,37.5,690,76,45.5,37.6,150,66.0,50.0,266,20,7.5,32,1.56,15.0
8980,1,3,0,17.2,0.26,-0.8,-0.06,91,260,35.0,391,63,45.0,36.7,114,73.7,56.1,174,13,7.5,12,0.92,14.1
8983,2,5,0,23.0,0.33,-5.0,-0.38,57,153,37.3,260,42,27.7,30.7,117,69.2,45.4,231,4,1.7,11,0.85,13.3
8986,0,11,2,52.5,0.3,2.5,0.08,137,392,34.9,731,146,39.7,34.4,283,36.0,33.8,495,30,6.1,17,0.52,12.1
9013,0,0,0,5.6,0.31,-0.4,-0.09,19,51,37.3,77,26,49.4,38.6,37,35.1,32.3,70,7,10.0,5,1.25,10.8
9030,0,2,1,19.4,0.35,3.4,0.24,37,103,35.9,481,69,18.9,26.0,69,17.4,24.7,151,4,2.6,21,1.5,18.3
9040,1,3,1,20.4,0.32,-4.6,-0.22,128,313,40.9,503,77,46.3,37.2,120,66.7,46.5,264,21,8.0,8,0.38,11.0
9049,0,4,1,35.9,0.29,2.9,0.09,175,589,29.7,701,97,56.1,42.8,250,78.4,54.7,468,36,7.7,40,1.25,14.7
9056,1,1,0,9.4,0.2,1.4,0.14,39,126,31.0,307,60,28.0,31.4,81,49.4,39.7,127,3,2.4,4,0.4,14.6
9060,0,2,0,9.4,0.32,-4.6,-0.51,23,103,22.3,389,42,21.1,26.9,35,60.0,44.9,138,11,8.0,5,0.55,11.2
9104,0,3,0,25.8,0.36,1.8,0.09,141,299,47.2,837,77,31.7,33.2,80,42.5,38.7,223,23,10.3,22,1.05,14.6
9117,0,0,0,0.2,0.17,0.2,0.71,0,1,0.0,7,1,14.3,21.3,1,0.0,20.0,2,1,50.0,0,0.0,9.0
9123,0,7,2,48.8,0.24,-0.2,0.0,231,802,28.8,1512,262,45.1,36.4,230,52.2,42.3,584,37,6.3,73,1.59,16.6
9125,0,1,0,2.3,0.27,0.3,0.17,9,20,45.0,88,11,20.5,28.6,5,40.0,31.4,19,3,15.8,1,0.5,11.1
9130,0,0,1,6.5,0.32,0.5,0.07,21,61,34.4,172,37,27.3,29.9,45,31.1,33.4,94,9,9.6,4,0.57,12.4
9133,0,0,0,2.8,0.46,1.8,0.91,22,45,48.9,54,8,55.6,40.9,17,88.2,58.1,27,1,3.7,0,0.0,9.7
9151,0,0,0,1.3,0.18,-0.7,-0.37,11,48,22.9,78,6,48.7,40.6,13,76.9,54.5,34,2,5.9,1,0.5,10.5
9156,0,0,0,7.1,0.36,0.1,0.02,16,42,38.1,68,12,42.6,35.4,34,38.2,33.2,84,1,1.2,0,0.0,5.8
9166,0,2,2,25.2,0.29,3.2,0.17,86,351,24.5,649,149,39.0,36.3,183,53.6,43.6,317,35,11.0,10,0.53,10.5
9171,0,0,0,4.5,0.17,-2.5,-1.01,15,33,45.5,88,13,30.7,30.3,14,42.9,36.6,25,1,4.0,2,0.8,14.9
9180,0,0,0,7.7,0.18,1.7,0.37,18,66,27.3,100,23,42.0,34.5,40,60.0,41.0,62,8,12.9,1,0.22,7.3
9201,0,1,0,22.6,0.26,1.6,0.1,61,180,33.9,297,56,36.4,35.8,126,57.1,46.4,203,4,2.0,11,0.69,15.5
9227,1,7,1,45.3,0.28,-4.7,-0.13,174,410,42.4,1123,117,29.0,31.3,212,39.6,35.1,574,26,4.5,42,1.17,15.0
9242,0,3,1,20.2,0.29,4.2,0.28,71,193,36.8,507,106,29.0,30.1,114,40.4,35.9,256,38,14.8,24,1.63,14.8
9265,1,4,1,17.0,0.33,2.0,0.22,33,89,37.1,209,49,28.7,30.2,50,58.0,48.6,129,8,6.2,5,0.56,11.8
9267,0,1,1,11.5,0.23,0.5,0.04,35,109,32.1,289,78,30.1,32.3,59,37.3,34.2,178,21,11.8,2,0.17,9.8
9295,1,1,2,25.8,0.24,0.8,0.04,124,288,43.1,880,111,27.4,31.9,159,29.6,31.9,293,27,9.2,45,1.88,17.3
9300,0,0,0,1.1,0.56,-0.9,-0.88,1,7,14.3,28,3,21.4,31.7,8,12.5,25.1,9,0,0.0,0,0.0,10.0
9320,0,0,0,2.6,0.52,-0.4,-0.2,3,29,10.3,62,14,35.5,34.9,15,46.7,38.9,19,3,15.8,1,0.5,9.9
9350,0,6,0,37.0,0.33,2.0,0.08,85,191,44.5,1095,172,14.2,23.2,130,27.7,30.1,313,21,6.7,30,1.15,14.1
9358,0,0,0,2.1,0.55,1.1,1.06,6,22,27.3,34,5,47.1,37.2,13,46.2,36.2,20,0,0.0,0,0.0,12.0
9365,0,11,0,55.2,0.29,-4.8,-0.15,119,358,33.2,1042,176,27.4,31.3,250,28.8,35.5,502,42,8.4,48,1.45,14.0
9366,1,1,1,3.5,0.27,-0.5,-0.15,2,23,8.7,106,20,13.2,25.8,36,25.0,30.3,82,3,3.7,1,0.29,8.9
9403,0,4,0,38.3,0.32,2.3,0.07,105,276,38.0,1570,134,16.0,25.5,111,22.5,27.5,386,34,8.8,41,1.21,14.0
9407,0,1,0,4.7,0.49,-0.3,-0.2,0,9,0.0,27,2,11.1,26.0,10,60.0,48.3,17,0,0.0,4,3.13,25.8
9432,0,0,0,4.0,0.33,-2.0,-1.01,5,12,41.7,52,13,21.2,26.0,4,25.0,24.5,29,1,3.4,2,1.0,16.4
9440,1,5,1,41.3,0.31,0.3,0.01,119,308,38.6,929,91,27.2,30.3,138,39.9,32.9,434,39,9.0,27,0.87,12.7
9444,2,3,1,33.0,0.32,4.0,0.14,147,361,40.7,1086,145,26.2,30.3,227,33.5,34.2,361,22,6.1,25,0.85,12.1
9452,0,1,0,2.3,0.33,0.3,0.14,11,17,64.7,57,8,28.1,27.6,10,10.0,18.1,26,0,0.0,3,1.5,18.6
9480,0,0,0,7.0,0.27,3.0,0.54,15,40,37.5,113,25,23.0,30.8,42,33.3,29.6,58,1,1.7,2,0.36,12.3
9510,2,4,2,32.9,0.26,5.9,0.23,177,503,35.2,687,86,52.0,41.1,211,69.2,52.5,409,24,5.9,46,1.77,14.8
9523,0,0,1,4.1,0.21,-1.9,-0.63,8,26,30.8,56,11,35.7,34.5,13,46.2,38.6,31,1,3.2,1,0.33,11.6
9548,1,10,1,48.4,0.3,3.4,0.1,231,566,40.8,1359,126,31.7,30.9,226,59.7,43.1,525,34,6.5,49,1.53,16.0
9553,0,7,1,41.3,0.3,-0.7,-0.02,67,242,27.7,951,181,19.5,27.1,177,32.2,31.9,309,12,3.9,49,1.58,19.2
9581,0,3,1,33.4,0.28,1.4,0.05,105,304,34.5,627,97,36.0,32.6,232,33.6,29.4,365,24,6.6,37,1.23,15.7
9588,0,1,0,25.5,0.32,-1.5,-0.07,167,386,43.3,962,107,33.7,32.8,126,49.2,44.7,282,25,8.9,34,1.7,16.0
9605,0,4,0,32.9,0.31,0.9,0.05,162,445,36.4,628,75,50.8,39.3,173,72.8,53.1,336,16,4.8,23,1.22,16.4
9634,0,0,1,8.0,0.32,-1.0,-0.18,13,30,43.3,177,19,13.6,26.1,25,24.0,29.5,58,1,1.7,10,1.82,18.2
9648,0,2,0,18.2,0.3,-0.8,-0.05,30,92,32.6,523,83,12.6,24.1,89,29.2,31.4,193,7,3.6,20,1.25,17.2
9659,0,2,1,13.2,0.34,-4.8,-0.53,48,140,34.3,300,32,34.3,33.6,52,71.2,50.7,125,4,3.2,14,1.56,17.3
9667,4,3,0,37.0,0.25,-7.0,-0.2,150,478,31.4,755,147,38.7,35.1,296,62.8,47.2,582,35,6.0,26,0.74,12.1
9669,0,0,0,1.1,0.07,0.1,0.21,2,7,28.6,16,3,12.5,23.8,8,62.5,46.1,10,0,0.0,0,0.0,15.5
9692,0,2,4,13.5,0.31,2.5,0.26,55,158,34.8,196,26,49.0,40.7,96,64.6,50.8,166,4,2.4,1,0.11,8.7
9695,1,3,0,23.6,0.31,7.6,0.4,157,398,39.4,500,82,45.8,38.2,196,86.2,56.6,389,21,5.4,21,1.11,12.3
9702,0,3,0,7.4,0.25,-2.6,-0.29,61,114,53.5,181,37,40.9,36.5,69,58.0,42.3,118,5,4.2,10,1.11,13.9
9714,0,0,1,9.4,0.24,-0.6,-0.11,25,51,49.0,159,26,25.2,30.3,36,30.6,34.1,88,2,2.3,4,0.7,13.5
9723,1,1,1,21.2,0.28,-1.8,-0.08,119,316,37.7,634,75,39.6,35.7,126,51.6,41.4,329,23,7.0,20,0.93,13.0
9724,1,12,0,40.6,0.28,-9.4,-0.42,134,329,40.7,575,84,40.0,35.9,191,51.8,41.9,327,9,2.8,16,0.71,12.9
9745,0,0,0,0.8,0.28,0.8,0.84,8,16,50.0,29,3,51.7,37.1,3,33.3,31.0,19,1,5.3,0,0.0,4.3
9761,0,0,0,5.9,0.5,-1.1,-0.36,19,62,30.6,105,10,51.4,37.7,13,61.5,49.3,38,1,2.6,1,0.33,13.9
9767,0,5,1,41.7,0.29,-2.3,-0.07,96,263,36.5,667,164,27.4,31.9,239,33.5,33.7,458,28,6.1,33,1.03,13.8
9793,0,1,2,49.1,0.28,9.1,0.28,192,592,32.4,912,156,48.9,39.9,245,59.6,49.0,466,29,6.2,56,1.7,15.5
9794,0,2,2,35.3,0.26,0.3,0.01,138,365,37.8,559,137,41.9,35.8,260,50.4,38.8,446,21,4.7,20,0.61,12.1
9804,0,7,2,43.1,0.27,1.1,0.03,171,511,33.5,1116,92,38.9,35.0,223,34.5,35.8,451,20,4.4,60,1.76,17.4
9805,1,7,1,53.8,0.3,2.8,0.09,185,573,32.3,1084,199,35.0,34.2,241,80.5,56.3,504,27,5.4,46,1.39,15.1
9824,0,1,0,2.3,0.39,-0.7,-0.68,9,19,47.4,34,6,38.2,36.3,10,60.0,49.7,14,0,0.0,0,0.0,11.5
9825,0,5,1,37.2,0.26,-0.8,-0.02,141,432,32.6,927,201,32.7,32.5,313,41.2,38.0,575,52,9.0,22,0.58,11.8
9831,1,6,0,35.3,0.23,-10.7,-0.29,111,481,23.1,1850,94,22.5,27.1,123,52.0,42.5,498,32,6.4,42,1.14,15.2
9850,0,3,0,35.6,0.24,3.6,0.1,211,393,53.7,547,108,38.0,33.8,287,64.5,44.2,568,20,3.5,4,0.11,8.5
9858,0,1,0,9.0,0.38,1.0,0.17,20,60,33.3,179,33,22.9,29.0,42,45.2,38.0,67,5,7.5,5,0.83,15.2
9914,0,0,0,12.3,0.27,-0.7,-0.05,50,154,32.5,354,47,34.2,31.9,83,39.8,38.9,188,10,5.3,8,0.57,12.3
9946,0,3,1,20.2,0.27,-2.8,-0.14,64,222,28.8,489,91,30.9,32.3,164,43.3,38.1,301,15,5.0,10,0.5,11.6
9968,0,0,0,1.4,0.23,-0.6,-0.3,13,35,37.1,52,4,44.2,37.4,14,85.7,53.4,40,1,2.5,3,1.5,13.2
9977,0,0,0,6.2,0.44,-0.8,-0.25,10,40,25.0,85,5,35.3,33.1,29,34.5,31.8,41,2,4.9,3,0.88,16.1
9978,0,1,1,20.1,0.34,2.1,0.16,35,122,28.7,249,51,27.7,31.5,119,44.5,39.5,203,7,3.4,4,0.31,11.4
9992,0,13,1,53.1,0.27,-10.9,-0.29,273,705,38.7,913,127,49.3,38.0,328,77.7,52.6,606,26,4.3,22,0.58,13.1
9993,1,8,2,43.7,0.32,-1.3,-0.04,114,380,30.0,1274,156,23.9,28.1,164,46.3,37.2,470,29,6.2,55,1.57,16.5
10084,0,1,0,4.7,0.22,-2.3,-0.49,16,37,43.2,77,12,31.2,31.2,38,34.2,33.6,58,4,6.9,13,2.78,20.0
10087,0,1,0,3.6,0.32,-0.4,-0.22,3,7,42.9,28,8,17.9,26.5,18,11.1,30.2,29,1,3.4,0,0.0,3.8
10088,0,4,2,29.1,0.29,3.1,0.1,132,385,34.3,627,101,44.2,36.8,228,47.4,40.7,435,25,5.7,22,0.69,13.1
10106,0,3,1,37.8,0.29,0.8,0.03,112,294,38.1,878,181,23.6,28.4,222,39.2,35.5,495,24,4.8,27,0.82,13.1
10130,1,3,0,14.4,0.26,-3.6,-0.28,66,207,31.9,320,51,48.1,38.7,111,47.7,40.8,214,10,4.7,11,0.87,12.4
10181,1,1,1,7.5,0.23,-1.5,-0.34,29,91,31.9,88,6,55.7,39.7,43,97.7,62.7,87,3,3.4,4,0.89,11.0
10184,0,0,0,2.5,0.21,-2.5,-0.84,18,37,48.6,101,16,26.7,29.6,20,50.0,37.8,36,1,2.8,6,2.0,19.3
10186,1,0,1,3.2,0.49,1.2,1.16,5,13,38.5,33,8,21.2,27.1,9,66.7,48.8,19,0,0.0,0,0.0,13.0
10192,0,0,0,0.9,0.29,-0.1,-0.14,3,3,100.0,18,2,11.1,25.9,4,25.0,35.0,7,0,0.0,0,0.0,6.0
10197,0,1,0,42.6,0.29,0.6,0.02,162,417,38.8,1054,140,30.9,35.2,203,44.8,41.5,441,23,5.2,34,1.0,14.9
10202,0,1,0,2.9,0.42,-0.1,-0.11,3,4,75.0,44,5,9.1,23.8,8,0.0,26.3,17,1,5.9,0,0.0,2.0
10208,0,2,0,27.5,0.34,3.5,0.22,58,193,30.1,378,57,34.9,34.6,109,56.0,44.9,166,4,2.4,14,0.89,14.0
10216,1,5,0,39.5,0.27,6.5,0.22,174,430,40.5,956,113,33.5,31.9,260,42.3,36.2,503,36,7.2,25,0.83,13.9
10219,0,1,0,0.4,0.1,-0.6,-0.61,1,7,14.3,24,9,4.2,21.5,7,85.7,52.0,20,1,5.0,0,0.0,13.3
10223,1,8,2,40.3,0.28,-5.7,-0.21,140,324,43.2,893,160,27.4,29.4,145,54.5,42.9,388,29,7.5,24,0.89,12.9
10239,0,1,0,13.7,0.29,-1.3,-0.12,27,112,24.1,377,62,22.5,27.9,65,41.5,38.1,175,9,5.1,20,1.82,18.0
10249,0,1,1,12.8,0.34,0.8,0.13,29,65,44.6,131,33,32.8,32.9,56,39.3,33.3,94,5,5.3,8,1.33,14.9
10250,0,0,2,2.2,0.17,1.2,0.42,15,42,35.7,48,12,45.8,37.1,30,66.7,47.1,55,2,3.6,2,0.72,8.3
10260,0,1,0,8.8,0.27,2.8,0.47,42,121,34.7,150,26,56.0,41.9,52,71.2,52.1,115,10,8.7,5,0.83,13.0
10263,0,0,0,0.4,0.21,-0.6,-0.58,7,24,29.2,24,5,70.8,43.6,7,100.0,67.7,16,0,0.0,0,0.0,17.0
10271,0,1,0,3.6,0.37,-1.4,-0.71,6,22,27.3,54,7,29.6,29.9,10,60.0,42.9,30,1,3.3,2,1.0,11.6
10274,0,2,0,15.5,0.23,1.5,0.12,64,158,40.5,188,46,39.4,36.0,136,61.8,47.5,251,12,4.8,6,0.5,11.1
10293,2,3,1,33.7,0.32,-3.3,-0.14,234,520,45.0,1030,99,39.9,34.7,175,62.3,47.6,317,25,7.9,106,4.33,23.7
10307,0,4,0,13.6,0.25,-7.4,-0.6,87,202,43.1,316,68,37.7,34.3,135,61.5,46.1,201,10,5.0,6,0.48,12.0
10328,0,1,1,15.6,0.29,-4.4,-0.4,78,225,34.7,259,44,54.8,41.4,95,87.4,63.4,148,13,8.8,8,0.73,14.2
10343,2,9,1,86.1,0.32,2.1,0.05,547,1402,39.0,1331,104,80.2,51.8,383,87.5,60.4,772,60,7.8,71,1.61,14.7
10362,1,3,6,52.1,0.31,1.1,0.02,155,364,42.6,1682,174,18.5,25.4,152,34.2,32.8,599,33,5.5,105,2.28,17.3
10405,1,3,0,25.6,0.28,0.6,0.03,70,225,31.1,472,96,33.3,32.2,181,37.6,34.9,261,12,4.6,35,1.75,17.1
10427,0,3,3,35.4,0.25,3.4,0.1,121,311,38.9,783,169,28.2,31.2,227,39.6,37.1,447,38,8.5,45,1.36,13.8
10442,0,0,0,2.6,0.2,-0.4,-0.11,18,48,37.5,85,8,36.5,33.2,20,85.0,58.0,34,1,2.9,4,1.0,19.7
10472,2,7,0,45.8,0.33,0.8,0.02,127,390,32.6,747,99,35.7,34.5,234,52.6,47.0,450,26,5.8,20,0.61,11.6
10490,2,4,1,34.9,0.27,-0.1,0.0,135,383,35.2,760,122,34.7,34.3,206,57.8,44.4,333,20,6.0,62,2.25,17.7
10492,0,1,1,2.5,0.36,0.5,0.25,14,28,50.0,42,11,38.1,33.5,19,63.2,45.7,38,1,2.6,2,1.0,20.0
10527,0,2,1,15.2,0.26,-1.8,-0.13,105,306,34.3,290,25,66.9,46.6,123,91.1,63.3,223,8,3.6,19,1.36,18.4
10531,0,3,2,37.7,0.26,6.7,0.16,225,791,28.4,1127,171,52.0,42.2,319,64.3,50.0,673,48,7.1,37,0.9,13.3
10555,1,2,0,8.7,0.24,-0.3,-0.05,23,74,31.1,222,31,25.2,29.2,44,40.9,35.4,71,3,4.2,17,2.43,19.2
10556,1,3,1,14.9,0.3,0.9,0.05,104,238,43.7,372,69,42.7,36.9,135,58.5,44.5,268,6,2.2,12,0.67,12.8
10569,0,0,0,5.5,0.43,-0.5,-0.15,20,47,42.6,58,13,51.7,39.7,29,58.6,44.6,46,1,2.2,7,2.33,21.9
10573,0,2,1,32.0,0.23,6.0,0.27,89,294,30.3,511,117,36.4,35.4,192,56.3,45.5,318,22,6.9,14,0.64,12.8
